mode,Feature,Noise_pct,rep,R2,RMSE,dR2,pct_clipped,Model,Seed
raw_propagated,SDD,5,0,0.9862008664068143,2.5745647022928546,-0.002777951595777206,0.0,HyPhysML,42
single_column,SDD,5,0,0.9889834237007354,2.300388693959662,4.605698143977932e-06,0.0,HyPhysML,42
raw_propagated,SDD,5,1,0.986846428452469,2.5136207153367196,-0.0021323895501225154,0.0,HyPhysML,42
single_column,SDD,5,1,0.9889918765911351,2.299505993909421,1.305858854361297e-05,0.0,HyPhysML,42
raw_propagated,SDD,5,2,0.986507973217249,2.5457543728344536,-0.00247084478534243,0.0,HyPhysML,42
single_column,SDD,5,2,0.9890001335243266,2.298643429583245,2.13155217351213e-05,0.0,HyPhysML,42
raw_propagated,SDD,5,3,0.9864017487681325,2.5557562494896766,-0.002577069234458995,0.0,HyPhysML,42
single_column,SDD,5,3,0.9889894443987093,2.299760012326542,1.0626396117818793e-05,0.0,HyPhysML,42
raw_propagated,SDD,5,4,0.9859642033020035,2.5965484796263647,-0.0030146147005879476,0.0,HyPhysML,42
single_column,SDD,5,4,0.9889807849719418,2.3006641760277358,1.966969350286618e-06,0.0,HyPhysML,42
raw_propagated,SDD,10,0,0.9812575821846655,3.0004798094173033,-0.007721235817925942,0.0,HyPhysML,42
single_column,SDD,10,0,0.9889846363886325,2.30026207883776,5.81838604107876e-06,0.0,HyPhysML,42
raw_propagated,SDD,10,1,0.9818591920962331,2.951931078418109,-0.0071196259063583955,0.0,HyPhysML,42
single_column,SDD,10,1,0.9889873284637424,2.299980977963455,8.510461150912363e-06,0.0,HyPhysML,42
raw_propagated,SDD,10,2,0.9805504755573892,3.0565562642576265,-0.008428342445202297,0.0,HyPhysML,42
single_column,SDD,10,2,0.9889796339745947,2.30078432928776,8.15972003187504e-07,0.0,HyPhysML,42
raw_propagated,SDD,10,3,0.9810830826114693,3.014415295224697,-0.007895735391122205,0.0,HyPhysML,42
single_column,SDD,10,3,0.9889903025194928,2.2996703933105795,1.1484516901361097e-05,0.0,HyPhysML,42
raw_propagated,SDD,10,4,0.9817786201363433,2.958479280825207,-0.007200197866248148,0.0,HyPhysML,42
single_column,SDD,10,4,0.9889873527197024,2.299978445050476,8.534717110930679e-06,0.0,HyPhysML,42
raw_propagated,SDD,15,0,0.9748031403559925,3.478973410741108,-0.014175677646598994,0.0,HyPhysML,42
single_column,SDD,15,0,0.9889742317704043,2.301348184602174,-4.5862321871315e-06,0.0,HyPhysML,42
raw_propagated,SDD,15,1,0.9763630572217361,3.369562785355937,-0.012615760780855356,0.0,HyPhysML,42
single_column,SDD,15,1,0.9889848321639209,2.30024163754828,6.01416132939292e-06,0.0,HyPhysML,42
raw_propagated,SDD,15,2,0.9761031359800002,3.388038659758953,-0.012875682022591262,0.0,HyPhysML,42
single_column,SDD,15,2,0.9890098986147822,2.2976228969718844,3.108061219070368e-05,0.0,HyPhysML,42
raw_propagated,SDD,15,3,0.9751133170686159,3.4574937877611887,-0.013865500933975539,0.0,HyPhysML,42
single_column,SDD,15,3,0.9889712378630714,2.301660614330468,-7.580139520069196e-06,0.0,HyPhysML,42
raw_propagated,SDD,15,4,0.975735378032742,3.4140090332917157,-0.013243439969849446,0.0,HyPhysML,42
single_column,SDD,15,4,0.9889875648359305,2.2999562948312997,8.746833339068338e-06,0.0,HyPhysML,42
raw_propagated,SDD,20,0,0.9697439607103492,3.812272522301938,-0.01923485729224228,0.07507507507507508,HyPhysML,42
single_column,SDD,20,0,0.9889780033389953,2.300954541513608,-8.146635961381321e-07,0.0,HyPhysML,42
raw_propagated,SDD,20,1,0.9680817703005211,3.9155907962863377,-0.020897047702070348,0.0,HyPhysML,42
single_column,SDD,20,1,0.9889514799612704,2.3037213911714867,-2.733804132104556e-05,0.0,HyPhysML,42
raw_propagated,SDD,20,2,0.9681649017617775,3.9104883671711574,-0.020813916240813968,0.0,HyPhysML,42
single_column,SDD,20,2,0.9889752916939689,2.301237565924843,-3.52630862254788e-06,0.0,HyPhysML,42
raw_propagated,SDD,20,3,0.9716557129911083,3.6898666358015593,-0.017323105011483153,0.0,HyPhysML,42
single_column,SDD,20,3,0.9890201589373987,2.2965501199268052,4.1340934807232443e-05,0.0,HyPhysML,42
raw_propagated,SDD,20,4,0.9686138045760925,3.8828198248654955,-0.02036501342649899,0.0,HyPhysML,42
single_column,SDD,20,4,0.988982704281979,2.3004638042167613,3.886279387521618e-06,0.0,HyPhysML,42
raw_propagated,RH,5,0,0.9877643777960952,2.42432550550582,-0.0012144402064963034,0.0,HyPhysML,42
single_column,RH,5,0,0.9886421018145992,2.3357528462965575,-0.00033671618799224756,0.0,HyPhysML,42
raw_propagated,RH,5,1,0.9882927889992495,2.3713989541833795,-0.0006860290033419147,0.0,HyPhysML,42
single_column,RH,5,1,0.9888914169322819,2.3099747599765075,-8.740107030957844e-05,0.0,HyPhysML,42
raw_propagated,RH,5,2,0.987979510331625,2.4029181670181954,-0.000999307670966454,0.0,HyPhysML,42
single_column,RH,5,2,0.9887279446419459,2.3269093119577966,-0.00025087336064555377,0.0,HyPhysML,42
raw_propagated,RH,5,3,0.9878486200436427,2.4159653513074457,-0.0011301979589487532,0.0,HyPhysML,42
single_column,RH,5,3,0.9886799083380581,2.3318621483204836,-0.00029890966453338663,0.0,HyPhysML,42
raw_propagated,RH,5,4,0.9876627758287245,2.43437023431683,-0.0013160421738669381,0.0,HyPhysML,42
single_column,RH,5,4,0.9886218655862785,2.33783271143443,-0.00035695241631295005,0.0,HyPhysML,42
raw_propagated,RH,10,0,0.9872023337352788,2.479381128918374,-0.0017764842673126946,0.0,HyPhysML,42
single_column,RH,10,0,0.9886385710058376,2.3361158736648093,-0.00034024699675383463,0.0,HyPhysML,42
raw_propagated,RH,10,1,0.9862396786158552,2.570941470984303,-0.002739139386736311,0.0,HyPhysML,42
single_column,RH,10,1,0.988375717130898,2.362985115198518,-0.0006031008716934627,0.0,HyPhysML,42
raw_propagated,RH,10,2,0.9871438506814068,2.4850398363928154,-0.0018349673211847106,0.0,HyPhysML,42
single_column,RH,10,2,0.9887296832617304,2.32672985193696,-0.0002491347408610789,0.0,HyPhysML,42
raw_propagated,RH,10,3,0.9865778251251232,2.539155788214196,-0.002400992877468311,0.0,HyPhysML,42
single_column,RH,10,3,0.9885015632475628,2.350159303088205,-0.00047725475502868875,0.0,HyPhysML,42
raw_propagated,RH,10,4,0.9876337459682414,2.4372326247662586,-0.001345072034350081,0.0,HyPhysML,42
single_column,RH,10,4,0.9888382001062599,2.3155012366247996,-0.00014061789633157407,0.0,HyPhysML,42
raw_propagated,RH,15,0,0.984105755996731,2.7631078650431586,-0.004873062005860462,0.0,HyPhysML,42
single_column,RH,15,0,0.988122700728018,2.388563276551423,-0.0008561172745734646,0.0,HyPhysML,42
raw_propagated,RH,15,1,0.9837456528317161,2.794233318007135,-0.0052331651708753535,0.0,HyPhysML,42
single_column,RH,15,1,0.988028722557832,2.397994314630055,-0.0009500954447594356,0.0,HyPhysML,42
raw_propagated,RH,15,2,0.9824317071678047,2.9049768913028386,-0.006547110834786762,0.0,HyPhysML,42
single_column,RH,15,2,0.9876217302226294,2.438416413196352,-0.0013570877799620185,0.0,HyPhysML,42
raw_propagated,RH,15,3,0.9849863840714489,2.6854715264173614,-0.003992433931142569,0.0,HyPhysML,42
single_column,RH,15,3,0.9883123608803451,2.369415896367058,-0.0006664571222463334,0.0,HyPhysML,42
raw_propagated,RH,15,4,0.9834789478259708,2.8170642515065754,-0.00549987017662068,0.0,HyPhysML,42
single_column,RH,15,4,0.9877753700953416,2.4232362719989977,-0.0012034479072499105,0.0,HyPhysML,42
raw_propagated,RH,20,0,0.9769604615836534,3.3267088084126626,-0.012018356418938114,0.0,HyPhysML,42
single_column,RH,20,0,0.9863715182604688,2.558595545319657,-0.002607299742122704,0.0,HyPhysML,42
raw_propagated,RH,20,1,0.97838667406063,3.2220976826011554,-0.010592143941961507,0.0,HyPhysML,42
single_column,RH,20,1,0.9868110173996782,2.5170019312124174,-0.002167800602913217,0.0,HyPhysML,42
raw_propagated,RH,20,2,0.9767316737730748,3.343185489395086,-0.012247144229516671,0.0,HyPhysML,42
single_column,RH,20,2,0.9862468407576614,2.5702723062346253,-0.0027319772449300173,0.0,HyPhysML,42
raw_propagated,RH,20,3,0.9791459312209586,3.1649969941166503,-0.009832886781632855,0.0,HyPhysML,42
single_column,RH,20,3,0.9867632699824465,2.5215539035191017,-0.0022155480201450084,0.0,HyPhysML,42
raw_propagated,RH,20,4,0.9772643924153314,3.304693479111085,-0.011714425587260102,0.0,HyPhysML,42
single_column,RH,20,4,0.9864501361808337,2.5512050524736374,-0.0025286818217578055,0.0,HyPhysML,42
raw_propagated,Aging,5,0,0.9886413000280598,2.3358352885808076,-0.00033751797453163146,12.837837837837837,HyPhysML,42
single_column,Aging,5,0,0.9889811257513278,2.3006286006720944,2.3077487363298843e-06,0.0,HyPhysML,42
raw_propagated,Aging,5,1,0.9883721014295754,2.3633525866468843,-0.0006067165730160307,11.786786786786786,HyPhysML,42
single_column,Aging,5,1,0.9889487432229082,2.304006691479267,-3.007477968330896e-05,0.0,HyPhysML,42
raw_propagated,Aging,5,2,0.9885127644921151,2.3490143159973242,-0.0004660535104763497,10.735735735735735,HyPhysML,42
single_column,Aging,5,2,0.9888712511468808,2.3120704968269763,-0.00010756685571067237,0.0,HyPhysML,42
raw_propagated,Aging,5,3,0.9883248382846298,2.3681507967844135,-0.0006539797179616613,12.987987987987987,HyPhysML,42
single_column,Aging,5,3,0.9889128869997605,2.3077413832875946,-6.593100283092124e-05,0.0,HyPhysML,42
raw_propagated,Aging,5,4,0.9884738845919571,2.3529862156639654,-0.0005049334106344006,11.561561561561561,HyPhysML,42
single_column,Aging,5,4,0.988907003516038,2.308353614716829,-7.181448655346756e-05,0.0,HyPhysML,42
raw_propagated,Aging,10,0,0.9875838865189074,2.4421410163656585,-0.001394931483684081,12.612612612612612,HyPhysML,42
single_column,Aging,10,0,0.9889052249411545,2.3085386600837574,-7.359306143694955e-05,0.0,HyPhysML,42
raw_propagated,Aging,10,1,0.9877690993035368,2.423857708479041,-0.0012097186990546183,11.11111111111111,HyPhysML,42
single_column,Aging,10,1,0.9889308827057346,2.305867753024558,-4.793529685687137e-05,0.0,HyPhysML,42
raw_propagated,Aging,10,2,0.9877321099586331,2.4275201216978894,-0.0012467080439583222,11.711711711711711,HyPhysML,42
single_column,Aging,10,2,0.9888765655706769,2.311518377720797,-0.00010225243191452904,0.0,HyPhysML,42
raw_propagated,Aging,10,3,0.9876220843176644,2.4383815360553767,-0.0013567336849270584,11.711711711711711,HyPhysML,42
single_column,Aging,10,3,0.9889807315531927,2.300669752579836,1.9135506011958014e-06,0.0,HyPhysML,42
raw_propagated,Aging,10,4,0.9876554937135202,2.435088578617899,-0.001323324289071226,12.762762762762764,HyPhysML,42
single_column,Aging,10,4,0.9888275630746872,2.316604293245046,-0.000151254927904243,0.0,HyPhysML,42
raw_propagated,Aging,15,0,0.9863154729709345,2.563851086905363,-0.002663345031656994,12.162162162162163,HyPhysML,42
single_column,Aging,15,0,0.9888696506304352,2.3122367497392347,-0.00010916737215627137,0.0,HyPhysML,42
raw_propagated,Aging,15,1,0.9867709167195647,2.5208254590574337,-0.0022079012830267253,14.339339339339338,HyPhysML,42
single_column,Aging,15,1,0.9888367189157109,2.3156548670789463,-0.00014209908688056494,0.0,HyPhysML,42
raw_propagated,Aging,15,2,0.9866528135862155,2.5320528380783944,-0.002326004416375982,12.762762762762764,HyPhysML,42
single_column,Aging,15,2,0.9889127800405982,2.307752514836889,-6.603796199322609e-05,0.0,HyPhysML,42
raw_propagated,Aging,15,3,0.986444529945706,2.551732776458718,-0.002534288056885492,13.063063063063062,HyPhysML,42
single_column,Aging,15,3,0.9889024842676732,2.3088237744720166,-7.633373491822137e-05,0.0,HyPhysML,42
raw_propagated,Aging,15,4,0.9859133139300681,2.601251353616553,-0.003065504072523373,12.537537537537538,HyPhysML,42
single_column,Aging,15,4,0.9888626779152978,2.3129608978951786,-0.0001161400872936591,0.0,HyPhysML,42
raw_propagated,Aging,20,0,0.9843196174275805,2.744455721438205,-0.004659200575011013,12.987987987987987,HyPhysML,42
single_column,Aging,20,0,0.9885182542199525,2.348452954200657,-0.00046056378263892306,0.0,HyPhysML,42
raw_propagated,Aging,20,1,0.9845089014306931,2.7278407309166375,-0.004469916571898325,12.162162162162163,HyPhysML,42
single_column,Aging,20,1,0.9887026005975018,2.329523750031941,-0.00027621740508965154,0.0,HyPhysML,42
raw_propagated,Aging,20,2,0.9843539289548366,2.7414513930479862,-0.004624889047754821,14.414414414414415,HyPhysML,42
single_column,Aging,20,2,0.9886807701619463,2.331773381691426,-0.00029804784064513257,0.0,HyPhysML,42
raw_propagated,Aging,20,3,0.9845707906534285,2.7223862146138043,-0.004408027349163013,11.861861861861863,HyPhysML,42
single_column,Aging,20,3,0.9885591288556818,2.344269019740403,-0.0004196891469097075,0.0,HyPhysML,42
raw_propagated,Aging,20,4,0.9847746142739834,2.704344740346744,-0.00420420372860808,12.912912912912914,HyPhysML,42
single_column,Aging,20,4,0.9887270241783624,2.3270043164397856,-0.0002517938242290185,0.0,HyPhysML,42
raw_propagated,SDD,5,0,0.9747317795133269,3.4838963842412,-0.012774126492406501,0.0,HyPhysML-MC,42
single_column,SDD,5,0,0.9747317795133269,3.4838963842412,-0.012774126492406501,0.0,HyPhysML-MC,42
raw_propagated,SDD,5,1,0.9740091367078302,3.533362972430767,-0.013496769297903222,0.0,HyPhysML-MC,42
single_column,SDD,5,1,0.9740091367078302,3.533362972430767,-0.013496769297903222,0.0,HyPhysML-MC,42
raw_propagated,SDD,5,2,0.9750423964408835,3.462416765731654,-0.012463509564849873,0.0,HyPhysML-MC,42
single_column,SDD,5,2,0.9750423964408835,3.462416765731654,-0.012463509564849873,0.0,HyPhysML-MC,42
raw_propagated,SDD,5,3,0.9738612783948324,3.5433991180352686,-0.013644627610901017,0.0,HyPhysML-MC,42
single_column,SDD,5,3,0.9738612783948324,3.5433991180352686,-0.013644627610901017,0.0,HyPhysML-MC,42
raw_propagated,SDD,5,4,0.9729731120121383,3.603096733919172,-0.014532793993595083,0.0,HyPhysML-MC,42
single_column,SDD,5,4,0.9729731120121383,3.603096733919172,-0.014532793993595083,0.0,HyPhysML-MC,42
raw_propagated,SDD,10,0,0.975069916904278,3.460507255546069,-0.01243598910145538,0.0,HyPhysML-MC,42
single_column,SDD,10,0,0.975069916904278,3.460507255546069,-0.01243598910145538,0.0,HyPhysML-MC,42
raw_propagated,SDD,10,1,0.9757868082830806,3.410389020626041,-0.011719097722652783,0.0,HyPhysML-MC,42
single_column,SDD,10,1,0.9757868082830806,3.410389020626041,-0.011719097722652783,0.0,HyPhysML-MC,42
raw_propagated,SDD,10,2,0.9734410732905617,3.571767336395182,-0.014064832715171671,0.0,HyPhysML-MC,42
single_column,SDD,10,2,0.9734410732905617,3.571767336395182,-0.014064832715171671,0.0,HyPhysML-MC,42
raw_propagated,SDD,10,3,0.9750059385125552,3.464944782407624,-0.012499967493178166,0.0,HyPhysML-MC,42
single_column,SDD,10,3,0.9750059385125552,3.464944782407624,-0.012499967493178166,0.0,HyPhysML-MC,42
raw_propagated,SDD,10,4,0.9745611936170147,3.495636505048488,-0.012944712388718749,0.0,HyPhysML-MC,42
single_column,SDD,10,4,0.9745611936170147,3.495636505048488,-0.012944712388718749,0.0,HyPhysML-MC,42
raw_propagated,SDD,15,0,0.9736141929189541,3.560107340154337,-0.013891713086779278,0.0,HyPhysML-MC,42
single_column,SDD,15,0,0.9736141929189541,3.560107340154337,-0.013891713086779278,0.0,HyPhysML-MC,42
raw_propagated,SDD,15,1,0.9745963390516923,3.4932209411008626,-0.012909566954041107,0.0,HyPhysML-MC,42
single_column,SDD,15,1,0.9745963390516923,3.4932209411008626,-0.012909566954041107,0.0,HyPhysML-MC,42
raw_propagated,SDD,15,2,0.9745791284594324,3.49440404266638,-0.012926777546301005,0.0,HyPhysML-MC,42
single_column,SDD,15,2,0.9745791284594324,3.49440404266638,-0.012926777546301005,0.0,HyPhysML-MC,42
raw_propagated,SDD,15,3,0.9729747054040528,3.6029905206210127,-0.01453120060168056,0.0,HyPhysML-MC,42
single_column,SDD,15,3,0.9729747054040528,3.6029905206210127,-0.01453120060168056,0.0,HyPhysML-MC,42
raw_propagated,SDD,15,4,0.974121091113831,3.5257448635409276,-0.013384814891902352,0.0,HyPhysML-MC,42
single_column,SDD,15,4,0.974121091113831,3.5257448635409276,-0.013384814891902352,0.0,HyPhysML-MC,42
raw_propagated,SDD,20,0,0.9709063203466315,3.7383264832022287,-0.016599585659101912,0.07507507507507508,HyPhysML-MC,42
single_column,SDD,20,0,0.9709063203466315,3.7383264832022287,-0.016599585659101912,0.0,HyPhysML-MC,42
raw_propagated,SDD,20,1,0.9678310333569358,3.930940373772492,-0.019674872648797637,0.0,HyPhysML-MC,42
single_column,SDD,20,1,0.9678310333569358,3.930940373772492,-0.019674872648797637,0.0,HyPhysML-MC,42
raw_propagated,SDD,20,2,0.9701424957597501,3.787081508463328,-0.017363410245983313,0.0,HyPhysML-MC,42
single_column,SDD,20,2,0.9701424957597501,3.787081508463328,-0.017363410245983313,0.0,HyPhysML-MC,42
raw_propagated,SDD,20,3,0.9724856451840117,3.6354449095572092,-0.015020260821721698,0.0,HyPhysML-MC,42
single_column,SDD,20,3,0.9724856451840117,3.6354449095572092,-0.015020260821721698,0.0,HyPhysML-MC,42
raw_propagated,SDD,20,4,0.970490321301913,3.7649580501278335,-0.017015584703820363,0.0,HyPhysML-MC,42
single_column,SDD,20,4,0.970490321301913,3.7649580501278335,-0.017015584703820363,0.0,HyPhysML-MC,42
raw_propagated,RH,5,0,0.9732875960045364,3.5820726376494214,-0.014218310001196999,0.0,HyPhysML-MC,42
single_column,RH,5,0,0.9732875960045364,3.5820726376494214,-0.014218310001196999,0.0,HyPhysML-MC,42
raw_propagated,RH,5,1,0.9749881249705515,3.466179314572719,-0.012517781035181863,0.0,HyPhysML-MC,42
single_column,RH,5,1,0.9749881249705515,3.466179314572719,-0.012517781035181863,0.0,HyPhysML-MC,42
raw_propagated,RH,5,2,0.9743170869747496,3.512368241371469,-0.01318881903098379,0.0,HyPhysML-MC,42
single_column,RH,5,2,0.9743170869747496,3.512368241371469,-0.01318881903098379,0.0,HyPhysML-MC,42
raw_propagated,RH,5,3,0.9741843030493612,3.521436230983193,-0.013321602956372192,0.0,HyPhysML-MC,42
single_column,RH,5,3,0.9741843030493612,3.521436230983193,-0.013321602956372192,0.0,HyPhysML-MC,42
raw_propagated,RH,5,4,0.9716704829203036,3.688905133920844,-0.015835423085429845,0.0,HyPhysML-MC,42
single_column,RH,5,4,0.9716704829203036,3.688905133920844,-0.015835423085429845,0.0,HyPhysML-MC,42
raw_propagated,RH,10,0,0.9752340063682662,3.4490999482960873,-0.01227189963746722,0.0,HyPhysML-MC,42
single_column,RH,10,0,0.9752340063682662,3.4490999482960873,-0.01227189963746722,0.0,HyPhysML-MC,42
raw_propagated,RH,10,1,0.9727051679843121,3.6209131993407007,-0.014800738021421345,0.0,HyPhysML-MC,42
single_column,RH,10,1,0.9727051679843121,3.6209131993407007,-0.014800738021421345,0.0,HyPhysML-MC,42
raw_propagated,RH,10,2,0.9740908969902797,3.527801088990288,-0.013415009015453672,0.0,HyPhysML-MC,42
single_column,RH,10,2,0.9740908969902797,3.527801088990288,-0.013415009015453672,0.0,HyPhysML-MC,42
raw_propagated,RH,10,3,0.9727981219895643,3.6147423346097924,-0.014707784016169123,0.0,HyPhysML-MC,42
single_column,RH,10,3,0.9727981219895643,3.6147423346097924,-0.014707784016169123,0.0,HyPhysML-MC,42
raw_propagated,RH,10,4,0.9754493561467046,3.4340715866044214,-0.01205654985902882,0.0,HyPhysML-MC,42
single_column,RH,10,4,0.9754493561467046,3.4340715866044214,-0.01205654985902882,0.0,HyPhysML-MC,42
raw_propagated,RH,15,0,0.9709380149050316,3.736289668072167,-0.01656789110070178,0.0,HyPhysML-MC,42
single_column,RH,15,0,0.9709380149050316,3.736289668072167,-0.01656789110070178,0.0,HyPhysML-MC,42
raw_propagated,RH,15,1,0.9717594772350806,3.68310641498724,-0.0157464287706528,0.0,HyPhysML-MC,42
single_column,RH,15,1,0.9717594772350806,3.68310641498724,-0.0157464287706528,0.0,HyPhysML-MC,42
raw_propagated,RH,15,2,0.9693009592529782,3.840080280138705,-0.01820494675275519,0.0,HyPhysML-MC,42
single_column,RH,15,2,0.9693009592529782,3.840080280138705,-0.01820494675275519,0.0,HyPhysML-MC,42
raw_propagated,RH,15,3,0.9729779637883155,3.6027733114902296,-0.014527942217417933,0.0,HyPhysML-MC,42
single_column,RH,15,3,0.9729779637883155,3.6027733114902296,-0.014527942217417933,0.0,HyPhysML-MC,42
raw_propagated,RH,15,4,0.970254297489332,3.7799844758102705,-0.017251608516401395,0.0,HyPhysML-MC,42
single_column,RH,15,4,0.970254297489332,3.7799844758102705,-0.017251608516401395,0.0,HyPhysML-MC,42
raw_propagated,RH,20,0,0.9667298176724294,3.9976566572150687,-0.02077608833330402,0.0,HyPhysML-MC,42
single_column,RH,20,0,0.9667298176724294,3.9976566572150687,-0.02077608833330402,0.0,HyPhysML-MC,42
raw_propagated,RH,20,1,0.9653605553800567,4.079090691940317,-0.022145350625676685,0.0,HyPhysML-MC,42
single_column,RH,20,1,0.9653605553800567,4.079090691940317,-0.022145350625676685,0.0,HyPhysML-MC,42
raw_propagated,RH,20,2,0.9650870155866969,4.0951648452650975,-0.022418890419036552,0.0,HyPhysML-MC,42
single_column,RH,20,2,0.9650870155866969,4.0951648452650975,-0.022418890419036552,0.0,HyPhysML-MC,42
raw_propagated,RH,20,3,0.9683063903062162,3.901788764056825,-0.019199515699517167,0.0,HyPhysML-MC,42
single_column,RH,20,3,0.9683063903062162,3.901788764056825,-0.019199515699517167,0.0,HyPhysML-MC,42
raw_propagated,RH,20,4,0.9668026405919569,3.9932791562940735,-0.02070326541377654,0.0,HyPhysML-MC,42
single_column,RH,20,4,0.9668026405919569,3.9932791562940735,-0.02070326541377654,0.0,HyPhysML-MC,42
raw_propagated,Aging,5,0,0.9811961093105823,3.0053963875489207,-0.006309796695151082,12.837837837837837,HyPhysML-MC,42
single_column,Aging,5,0,0.9811961093105823,3.0053963875489207,-0.006309796695151082,0.0,HyPhysML-MC,42
raw_propagated,Aging,5,1,0.9816060159829024,2.9724585244766626,-0.005899890022830978,11.786786786786786,HyPhysML-MC,42
single_column,Aging,5,1,0.9816060159829024,2.9724585244766626,-0.005899890022830978,0.0,HyPhysML-MC,42
raw_propagated,Aging,5,2,0.981000936130547,3.02095323584021,-0.00650496987518645,10.735735735735735,HyPhysML-MC,42
single_column,Aging,5,2,0.981000936130547,3.02095323584021,-0.00650496987518645,0.0,HyPhysML-MC,42
raw_propagated,Aging,5,3,0.9813879607863352,2.9900254200894882,-0.006117945219398235,12.987987987987987,HyPhysML-MC,42
single_column,Aging,5,3,0.9813879607863352,2.9900254200894882,-0.006117945219398235,0.0,HyPhysML-MC,42
raw_propagated,Aging,5,4,0.9807809348782005,3.038393583751939,-0.006724971127532897,11.561561561561561,HyPhysML-MC,42
single_column,Aging,5,4,0.9807809348782005,3.038393583751939,-0.006724971127532897,0.0,HyPhysML-MC,42
raw_propagated,Aging,10,0,0.9816083508249942,2.9722698638383274,-0.0058975551807392,12.612612612612612,HyPhysML-MC,42
single_column,Aging,10,0,0.9816083508249942,2.9722698638383274,-0.0058975551807392,0.0,HyPhysML-MC,42
raw_propagated,Aging,10,1,0.9816801715094696,2.9664607255105286,-0.005825734496263779,11.11111111111111,HyPhysML-MC,42
single_column,Aging,10,1,0.9816801715094696,2.9664607255105286,-0.005825734496263779,0.0,HyPhysML-MC,42
raw_propagated,Aging,10,2,0.981341863893584,2.99372586480633,-0.006164042112149382,11.711711711711711,HyPhysML-MC,42
single_column,Aging,10,2,0.981341863893584,2.99372586480633,-0.006164042112149382,0.0,HyPhysML-MC,42
raw_propagated,Aging,10,3,0.9816193097744426,2.971384195332035,-0.0058865962312908415,11.711711711711711,HyPhysML-MC,42
single_column,Aging,10,3,0.9816193097744426,2.971384195332035,-0.0058865962312908415,0.0,HyPhysML-MC,42
raw_propagated,Aging,10,4,0.9804185264206895,3.0669068576584038,-0.007087379585043907,12.762762762762764,HyPhysML-MC,42
single_column,Aging,10,4,0.9804185264206895,3.0669068576584038,-0.007087379585043907,0.0,HyPhysML-MC,42
raw_propagated,Aging,15,0,0.9807601027172047,3.04003984388401,-0.006745803288528696,12.162162162162163,HyPhysML-MC,42
single_column,Aging,15,0,0.9807601027172047,3.04003984388401,-0.006745803288528696,0.0,HyPhysML-MC,42
raw_propagated,Aging,15,1,0.9812809167511419,2.998611408493369,-0.006224989254591473,14.339339339339338,HyPhysML-MC,42
single_column,Aging,15,1,0.9812809167511419,2.998611408493369,-0.006224989254591473,0.0,HyPhysML-MC,42
raw_propagated,Aging,15,2,0.9812853937668179,2.998252800304637,-0.00622051223891551,12.762762762762764,HyPhysML-MC,42
single_column,Aging,15,2,0.9812853937668179,2.998252800304637,-0.00622051223891551,0.0,HyPhysML-MC,42
raw_propagated,Aging,15,3,0.9807665538319631,3.0395301402761707,-0.006739352173770308,13.063063063063062,HyPhysML-MC,42
single_column,Aging,15,3,0.9807665538319631,3.0395301402761707,-0.006739352173770308,0.0,HyPhysML-MC,42
raw_propagated,Aging,15,4,0.9808407295986875,3.033663347768644,-0.006665176407045892,12.537537537537538,HyPhysML-MC,42
single_column,Aging,15,4,0.9808407295986875,3.033663347768644,-0.006665176407045892,0.0,HyPhysML-MC,42
raw_propagated,Aging,20,0,0.980376599916602,3.070188427015309,-0.007129306089131426,12.987987987987987,HyPhysML-MC,42
single_column,Aging,20,0,0.980376599916602,3.070188427015309,-0.007129306089131426,0.0,HyPhysML-MC,42
raw_propagated,Aging,20,1,0.9803877268334014,3.069317870051819,-0.00711817917233204,12.162162162162163,HyPhysML-MC,42
single_column,Aging,20,1,0.9803877268334014,3.069317870051819,-0.00711817917233204,0.0,HyPhysML-MC,42
raw_propagated,Aging,20,2,0.9800483244427701,3.0957621642609188,-0.007457581562963278,14.414414414414415,HyPhysML-MC,42
single_column,Aging,20,2,0.9800483244427701,3.0957621642609188,-0.007457581562963278,0.0,HyPhysML-MC,42
raw_propagated,Aging,20,3,0.9797700962484358,3.117272794858446,-0.007735809757297596,11.861861861861863,HyPhysML-MC,42
single_column,Aging,20,3,0.9797700962484358,3.117272794858446,-0.007735809757297596,0.0,HyPhysML-MC,42
raw_propagated,Aging,20,4,0.9804924923036734,3.0611090024191925,-0.00701341370205999,12.912912912912914,HyPhysML-MC,42
single_column,Aging,20,4,0.9804924923036734,3.0611090024191925,-0.00701341370205999,0.0,HyPhysML-MC,42
raw_propagated,SDD,5,0,0.9866677531487713,2.585920167825913,-0.0028412435267851643,0.0,HyPhysML,7
single_column,SDD,5,0,0.9894979210873653,2.295097177151629,-1.1075588191133967e-05,0.0,HyPhysML,7
raw_propagated,SDD,5,1,0.9867035801850231,2.582443327764097,-0.002805416490533341,0.0,HyPhysML,7
single_column,SDD,5,1,0.9895144830127055,2.293286762932672,5.486337149029907e-06,0.0,HyPhysML,7
raw_propagated,SDD,5,2,0.9866929463825259,2.5834757750080417,-0.0028160502930305586,0.0,HyPhysML,7
single_column,SDD,5,2,0.9895043814746995,2.294391150382489,-4.6152008569277925e-06,0.0,HyPhysML,7
raw_propagated,SDD,5,3,0.9867579230875692,2.5771606594679812,-0.0027510735879873183,0.0,HyPhysML,7
single_column,SDD,5,3,0.9894932352887934,2.2956091312057563,-1.576138676306904e-05,0.0,HyPhysML,7
raw_propagated,SDD,5,4,0.98689365868331,2.563918269828927,-0.002615337992246447,0.0,HyPhysML,7
single_column,SDD,5,4,0.9895009112372043,2.2947704240836497,-8.085438352178898e-06,0.0,HyPhysML,7
raw_propagated,SDD,10,0,0.9813518807050181,3.058306160660283,-0.008157115970538364,0.0,HyPhysML,7
single_column,SDD,10,0,0.9894892062357834,2.296049240250155,-1.9790439773070823e-05,0.0,HyPhysML,7
raw_propagated,SDD,10,1,0.9823980327825229,2.971283177298675,-0.007110963893033562,0.0,HyPhysML,7
single_column,SDD,10,1,0.9894966256229544,2.295238726508391,-1.2371052602100363e-05,0.0,HyPhysML,7
raw_propagated,SDD,10,2,0.9818933112901017,3.0135816158269875,-0.007615685385454762,0.0,HyPhysML,7
single_column,SDD,10,2,0.9894985868450309,2.295024429519095,-1.0409830525581754e-05,0.0,HyPhysML,7
raw_propagated,SDD,10,3,0.9820702831745087,2.9988183209561163,-0.0074387135010477445,0.0,HyPhysML,7
single_column,SDD,10,3,0.9895042012269558,2.29441085179653,-4.795448600658503e-06,0.0,HyPhysML,7
raw_propagated,SDD,10,4,0.9820085578575567,3.0039757915577736,-0.007500438817999777,0.0,HyPhysML,7
single_column,SDD,10,4,0.9895064174794833,2.2941685995192405,-2.5791960731602614e-06,0.0,HyPhysML,7
raw_propagated,SDD,15,0,0.9766941656819209,3.4189737589131446,-0.012814830993635562,0.0,HyPhysML,7
single_column,SDD,15,0,0.9894949916904401,2.295417246249283,-1.4004985116389257e-05,0.0,HyPhysML,7
raw_propagated,SDD,15,1,0.9769707825055425,3.3986233031178417,-0.012538214170013995,0.0,HyPhysML,7
single_column,SDD,15,1,0.9895056054854077,2.2942573592574975,-3.3911901488048457e-06,0.0,HyPhysML,7
raw_propagated,SDD,15,2,0.9761989042212903,3.455110299627019,-0.013310092454266176,0.0,HyPhysML,7
single_column,SDD,15,2,0.9894980734400359,2.295080529711869,-1.0923235520543528e-05,0.0,HyPhysML,7
raw_propagated,SDD,15,3,0.9762320870037376,3.4527009533763406,-0.013276909671818826,0.0,HyPhysML,7
single_column,SDD,15,3,0.9894986091227366,2.295021995184534,-1.0387552819901558e-05,0.0,HyPhysML,7
raw_propagated,SDD,15,4,0.9764364034788181,3.437828669596667,-0.013072593196738369,0.0,HyPhysML,7
single_column,SDD,15,4,0.9894908375317611,2.29587105764501,-1.815914379532657e-05,0.0,HyPhysML,7
raw_propagated,SDD,20,0,0.968840574117678,3.95328535628447,-0.020668422557878485,0.0,HyPhysML,7
single_column,SDD,20,0,0.9894755539970083,2.2975399002825485,-3.344267854821226e-05,0.0,HyPhysML,7
raw_propagated,SDD,20,1,0.969887520235997,3.8863033840414536,-0.01962147643955947,0.0,HyPhysML,7
single_column,SDD,20,1,0.9894877630667346,2.296206862668523,-2.123360882189118e-05,0.0,HyPhysML,7
raw_propagated,SDD,20,2,0.97015729953264,3.8688554181674175,-0.019351697142916513,0.0,HyPhysML,7
single_column,SDD,20,2,0.989485138334336,2.2964935072915993,-2.3858341220428514e-05,0.0,HyPhysML,7
raw_propagated,SDD,20,3,0.9690444178686021,3.9403330186638468,-0.020464578806954403,0.0,HyPhysML,7
single_column,SDD,20,3,0.9894651666782035,2.298673422832147,-4.3829997352973216e-05,0.0,HyPhysML,7
raw_propagated,SDD,20,4,0.969593270842068,3.9052450721560934,-0.01991572583348844,0.0,HyPhysML,7
single_column,SDD,20,4,0.9895040482091918,2.2944275767903317,-4.94846636467372e-06,0.0,HyPhysML,7
raw_propagated,RH,5,0,0.9883057305453685,2.4218653203342217,-0.0012032661301879521,0.0,HyPhysML,7
single_column,RH,5,0,0.9890507598537308,2.343448591223758,-0.00045823682182566383,0.0,HyPhysML,7
raw_propagated,RH,5,1,0.9883293309241872,2.4194202849396853,-0.0011796657513692965,0.0,HyPhysML,7
single_column,RH,5,1,0.9890584704603852,2.342623301415364,-0.00045052621517127633,0.0,HyPhysML,7
raw_propagated,RH,5,2,0.9884838204724873,2.4033534958551517,-0.001025176203069189,0.0,HyPhysML,7
single_column,RH,5,2,0.989146927311163,2.333134609702038,-0.00036206936439342474,0.0,HyPhysML,7
raw_propagated,RH,5,3,0.9882564845741006,2.4269593457498613,-0.0012525121014558271,0.0,HyPhysML,7
single_column,RH,5,3,0.9890467390155542,2.343878838553098,-0.0004622576600022965,0.0,HyPhysML,7
raw_propagated,RH,5,4,0.9880885158297701,2.444254250826274,-0.0014204808457863871,0.0,HyPhysML,7
single_column,RH,5,4,0.9889891745477448,2.3500298528586723,-0.0005198221278116533,0.0,HyPhysML,7
raw_propagated,RH,10,0,0.9870830234622473,2.5453287064689487,-0.002425973213309174,0.0,HyPhysML,7
single_column,RH,10,0,0.9888189346729224,2.3681272357609613,-0.0006900620026341064,0.0,HyPhysML,7
raw_propagated,RH,10,1,0.9867441422206974,2.5785013204857536,-0.002764854454859078,0.0,HyPhysML,7
single_column,RH,10,1,0.9885382233432094,2.397670008929665,-0.0009707733323470746,0.0,HyPhysML,7
raw_propagated,RH,10,2,0.9870145572783657,2.552065523921974,-0.0024944393971907397,0.0,HyPhysML,7
single_column,RH,10,2,0.9888185189844566,2.3681712563439308,-0.0006904776910998667,0.0,HyPhysML,7
raw_propagated,RH,10,3,0.9871781089143228,2.535942966007754,-0.002330887761233691,0.0,HyPhysML,7
single_column,RH,10,3,0.9888490124221598,2.3649398872619996,-0.0006599842533966394,0.0,HyPhysML,7
raw_propagated,RH,10,4,0.9865331792909219,2.5989383598134834,-0.0029758173846345937,0.0,HyPhysML,7
single_column,RH,10,4,0.9885889994009799,2.392353234454478,-0.0009199972745765894,0.0,HyPhysML,7
raw_propagated,RH,15,0,0.9822371867297464,2.984828036334435,-0.007271809945810115,0.0,HyPhysML,7
single_column,RH,15,0,0.9872043436447715,2.533347255046515,-0.0023046530307849755,0.0,HyPhysML,7
raw_propagated,RH,15,1,0.9812409591164958,3.0673882889147794,-0.008268037559060692,0.0,HyPhysML,7
single_column,RH,15,1,0.9868392650177255,2.569233121324294,-0.0026697316578310204,0.0,HyPhysML,7
raw_propagated,RH,15,2,0.9837856374000203,2.8517626757859866,-0.005723359275536133,0.0,HyPhysML,7
single_column,RH,15,2,0.9876552045966975,2.4883151769364256,-0.0018537920788589402,0.0,HyPhysML,7
raw_propagated,RH,15,3,0.9844579578750983,2.792013289019512,-0.005051038800458207,0.0,HyPhysML,7
single_column,RH,15,3,0.9881976930461059,2.43302680120639,-0.0013113036294505331,0.0,HyPhysML,7
raw_propagated,RH,15,4,0.9838217102849385,2.8485886815687427,-0.005687286390617996,0.0,HyPhysML,7
single_column,RH,15,4,0.9878095681961612,2.4727088591486064,-0.001699428479395304,0.0,HyPhysML,7
raw_propagated,RH,20,0,0.9779681134947757,3.3242163638479036,-0.011540883180780726,0.0,HyPhysML,7
single_column,RH,20,0,0.9857243731476006,2.6758454983834805,-0.0037846235279558327,0.0,HyPhysML,7
raw_propagated,RH,20,1,0.9791532238893039,3.233574648553583,-0.010355772786252548,0.0,HyPhysML,7
single_column,RH,20,1,0.9860715259728727,2.6431098278035963,-0.0034374707026837426,0.0,HyPhysML,7
raw_propagated,RH,20,2,0.9780338091304885,3.3192565173775694,-0.011475187545067933,0.0,HyPhysML,7
single_column,RH,20,2,0.9857856979165526,2.6700919081101246,-0.0037232987590039013,0.0,HyPhysML,7
raw_propagated,RH,20,3,0.9771860023453709,3.3827050865729973,-0.012322994330185577,0.0,HyPhysML,7
single_column,RH,20,3,0.9854223431844646,2.704003822135046,-0.0040866534910918295,0.0,HyPhysML,7
raw_propagated,RH,20,4,0.9753921769876237,3.5131770533521154,-0.014116819687932769,0.0,HyPhysML,7
single_column,RH,20,4,0.9848879635776685,2.7531186981439,-0.004621033097887972,0.0,HyPhysML,7
raw_propagated,Aging,5,0,0.9887715774587593,2.3731370181951488,-0.0007374192167971527,13.963963963963963,HyPhysML,7
single_column,Aging,5,0,0.9893269045168234,2.313708475818942,-0.0001820921587331048,0.0,HyPhysML,7
raw_propagated,Aging,5,1,0.9889959498485412,2.3493067186438163,-0.0005130468270152511,12.762762762762764,HyPhysML,7
single_column,Aging,5,1,0.9893706595764676,2.308961004847502,-0.00013833709908883662,0.0,HyPhysML,7
raw_propagated,Aging,5,2,0.9890783530508178,2.3404938642804454,-0.000430643624738658,12.462462462462462,HyPhysML,7
single_column,Aging,5,2,0.9894312302158831,2.3023728701330817,-7.776645967338958e-05,0.0,HyPhysML,7
raw_propagated,Aging,5,3,0.9890496683262249,2.3435653972675947,-0.00045932834933160027,13.288288288288289,HyPhysML,7
single_column,Aging,5,3,0.9894159241327802,2.304039457699757,-9.307254277624022e-05,0.0,HyPhysML,7
raw_propagated,Aging,5,4,0.9890109180545534,2.347708358366011,-0.0004980786210030397,12.612612612612612,HyPhysML,7
single_column,Aging,5,4,0.9893921081743325,2.3066302400707097,-0.0001168885012239329,0.0,HyPhysML,7
raw_propagated,Aging,10,0,0.9882568094817363,2.426925772196776,-0.0012521871938201423,13.88888888888889,HyPhysML,7
single_column,Aging,10,0,0.9893861362438777,2.3072794311359948,-0.00012286043167875071,0.0,HyPhysML,7
raw_propagated,Aging,10,1,0.9881800502263091,2.4348446417207246,-0.0013289464492474146,13.588588588588587,HyPhysML,7
single_column,Aging,10,1,0.9892966335650765,2.316987213820269,-0.00021236311048000722,0.0,HyPhysML,7
raw_propagated,Aging,10,2,0.9878433162459302,2.469283757466672,-0.0016656804296262262,13.513513513513514,HyPhysML,7
single_column,Aging,10,2,0.989328978377297,2.3134836796633937,-0.00018001829825942117,0.0,HyPhysML,7
raw_propagated,Aging,10,3,0.9879014041526064,2.463377242115147,-0.0016075925229500632,13.88888888888889,HyPhysML,7
single_column,Aging,10,3,0.9893562208899559,2.3105286962059286,-0.00015277578560057847,0.0,HyPhysML,7
raw_propagated,Aging,10,4,0.988011162233387,2.45217794391675,-0.0014978344421694434,14.114114114114114,HyPhysML,7
single_column,Aging,10,4,0.9893973089295238,2.3060647323286165,-0.00011168774603265152,0.0,HyPhysML,7
raw_propagated,Aging,15,0,0.9869065717458327,2.562654904443822,-0.0026024249297237345,13.813813813813812,HyPhysML,7
single_column,Aging,15,0,0.9893679314473638,2.309257295084377,-0.00014106522819268275,0.0,HyPhysML,7
raw_propagated,Aging,15,1,0.9868369781005493,2.5694563371300845,-0.0026720185750072067,13.438438438438439,HyPhysML,7
single_column,Aging,15,1,0.9892991419822112,2.3167156959280413,-0.00020985469334522389,0.0,HyPhysML,7
raw_propagated,Aging,15,2,0.9870617948104805,2.547419432346182,-0.0024472018650759653,13.288288288288289,HyPhysML,7
single_column,Aging,15,2,0.989438582349115,2.301571911396804,-7.041432644150358e-05,0.0,HyPhysML,7
raw_propagated,Aging,15,3,0.9868409199987614,2.5690715738962138,-0.002668076676795028,13.963963963963963,HyPhysML,7
single_column,Aging,15,3,0.9892561248316811,2.3213675917089627,-0.00025287184387534634,0.0,HyPhysML,7
raw_propagated,Aging,15,4,0.9867024607407269,2.582552035245096,-0.0028065359348296015,13.73873873873874,HyPhysML,7
single_column,Aging,15,4,0.9892891047845623,2.3178019584996687,-0.00021989189099413942,0.0,HyPhysML,7
raw_propagated,Aging,20,0,0.9856620244698651,2.681682498187828,-0.0038469722056914124,13.363363363363364,HyPhysML,7
single_column,Aging,20,0,0.9892589982006583,2.3210571547600893,-0.00024999847489814986,0.0,HyPhysML,7
raw_propagated,Aging,20,1,0.9852273124036477,2.7220318158497854,-0.004281684271908781,14.414414414414415,HyPhysML,7
single_column,Aging,20,1,0.9889621466586291,2.3529123531981075,-0.000546850016927336,0.0,HyPhysML,7
raw_propagated,Aging,20,2,0.9855357535898105,2.6934650591862415,-0.003973243085745981,13.288288288288289,HyPhysML,7
single_column,Aging,20,2,0.9892247836455641,2.3247509813838234,-0.0002842130299923751,0.0,HyPhysML,7
raw_propagated,Aging,20,3,0.9855369970132181,2.6933492844204117,-0.00397199966233841,14.03903903903904,HyPhysML,7
single_column,Aging,20,3,0.9889948818454792,2.3494207223905175,-0.0005141148300772391,0.0,HyPhysML,7
raw_propagated,Aging,20,4,0.9855644394427379,2.6907928602159124,-0.003944557232818613,13.363363363363364,HyPhysML,7
single_column,Aging,20,4,0.9891726106557205,2.3303723415890607,-0.00033638601983598804,0.0,HyPhysML,7
raw_propagated,SDD,5,0,0.9880772759973,2.4454071940693067,0.0,0.0,HyPhysML-MC,7
single_column,SDD,5,0,0.9880772759973,2.4454071940693067,0.0,0.0,HyPhysML-MC,7
raw_propagated,SDD,5,1,0.9880772759973,2.4454071940693067,0.0,0.0,HyPhysML-MC,7
single_column,SDD,5,1,0.9880772759973,2.4454071940693067,0.0,0.0,HyPhysML-MC,7
raw_propagated,SDD,5,2,0.9880772759973,2.4454071940693067,0.0,0.0,HyPhysML-MC,7
single_column,SDD,5,2,0.9880772759973,2.4454071940693067,0.0,0.0,HyPhysML-MC,7
raw_propagated,SDD,5,3,0.9880772759973,2.4454071940693067,0.0,0.0,HyPhysML-MC,7
single_column,SDD,5,3,0.9880772759973,2.4454071940693067,0.0,0.0,HyPhysML-MC,7
raw_propagated,SDD,5,4,0.9880772759973,2.4454071940693067,0.0,0.0,HyPhysML-MC,7
single_column,SDD,5,4,0.9880772759973,2.4454071940693067,0.0,0.0,HyPhysML-MC,7
raw_propagated,SDD,10,0,0.9879137885103365,2.462116138911452,-0.00016348748696348725,0.0,HyPhysML-MC,7
single_column,SDD,10,0,0.9879137885103365,2.462116138911452,-0.00016348748696348725,0.0,HyPhysML-MC,7
raw_propagated,SDD,10,1,0.9880772759973,2.4454071940693067,0.0,0.0,HyPhysML-MC,7
single_column,SDD,10,1,0.9880772759973,2.4454071940693067,0.0,0.0,HyPhysML-MC,7
raw_propagated,SDD,10,2,0.9880772759973,2.4454071940693067,0.0,0.0,HyPhysML-MC,7
single_column,SDD,10,2,0.9880772759973,2.4454071940693067,0.0,0.0,HyPhysML-MC,7
raw_propagated,SDD,10,3,0.9880772759973,2.4454071940693067,0.0,0.0,HyPhysML-MC,7
single_column,SDD,10,3,0.9880772759973,2.4454071940693067,0.0,0.0,HyPhysML-MC,7
raw_propagated,SDD,10,4,0.9880772759973,2.4454071940693067,0.0,0.0,HyPhysML-MC,7
single_column,SDD,10,4,0.9880772759973,2.4454071940693067,0.0,0.0,HyPhysML-MC,7
raw_propagated,SDD,15,0,0.9871472536086363,2.5389924489897195,-0.0009300223886636871,0.0,HyPhysML-MC,7
single_column,SDD,15,0,0.9871472536086363,2.5389924489897195,-0.0009300223886636871,0.0,HyPhysML-MC,7
raw_propagated,SDD,15,1,0.987531025077502,2.5007991664987914,-0.0005462509197979859,0.0,HyPhysML-MC,7
single_column,SDD,15,1,0.987531025077502,2.5007991664987914,-0.0005462509197979859,0.0,HyPhysML-MC,7
raw_propagated,SDD,15,2,0.9872155608064181,2.532236597044354,-0.000861715190881851,0.0,HyPhysML-MC,7
single_column,SDD,15,2,0.9872155608064181,2.532236597044354,-0.000861715190881851,0.0,HyPhysML-MC,7
raw_propagated,SDD,15,3,0.9873265799825611,2.5212177403539595,-0.0007506960147388719,0.0,HyPhysML-MC,7
single_column,SDD,15,3,0.9873265799825611,2.5212177403539595,-0.0007506960147388719,0.0,HyPhysML-MC,7
raw_propagated,SDD,15,4,0.9877566022280326,2.47807484894017,-0.00032067376926736557,0.0,HyPhysML-MC,7
single_column,SDD,15,4,0.9877566022280326,2.47807484894017,-0.00032067376926736557,0.0,HyPhysML-MC,7
raw_propagated,SDD,20,0,0.9819823383166982,3.0061638927205654,-0.006094937680601764,0.0,HyPhysML-MC,7
single_column,SDD,20,0,0.9819823383166982,3.0061638927205654,-0.006094937680601764,0.0,HyPhysML-MC,7
raw_propagated,SDD,20,1,0.9825128534398457,2.9615762259580074,-0.005564422557454263,0.0,HyPhysML-MC,7
single_column,SDD,20,1,0.9825128534398457,2.9615762259580074,-0.005564422557454263,0.0,HyPhysML-MC,7
raw_propagated,SDD,20,2,0.9843548076599143,2.8012630549286666,-0.0037224683373856537,0.0,HyPhysML-MC,7
single_column,SDD,20,2,0.9843548076599143,2.8012630549286666,-0.0037224683373856537,0.0,HyPhysML-MC,7
raw_propagated,SDD,20,3,0.9819755723607229,3.006728274042626,-0.006101703636577138,0.0,HyPhysML-MC,7
single_column,SDD,20,3,0.9819755723607229,3.006728274042626,-0.006101703636577138,0.0,HyPhysML-MC,7
raw_propagated,SDD,20,4,0.9823618907904453,2.9743320701709943,-0.005715385206854662,0.0,HyPhysML-MC,7
single_column,SDD,20,4,0.9823618907904453,2.9743320701709943,-0.005715385206854662,0.0,HyPhysML-MC,7
raw_propagated,RH,5,0,0.9880772759973,2.4454071940693067,0.0,0.0,HyPhysML-MC,7
single_column,RH,5,0,0.9880772759973,2.4454071940693067,0.0,0.0,HyPhysML-MC,7
raw_propagated,RH,5,1,0.9880772759973,2.4454071940693067,0.0,0.0,HyPhysML-MC,7
single_column,RH,5,1,0.9880772759973,2.4454071940693067,0.0,0.0,HyPhysML-MC,7
raw_propagated,RH,5,2,0.9880772759973,2.4454071940693067,0.0,0.0,HyPhysML-MC,7
single_column,RH,5,2,0.9880772759973,2.4454071940693067,0.0,0.0,HyPhysML-MC,7
raw_propagated,RH,5,3,0.9880772759973,2.4454071940693067,0.0,0.0,HyPhysML-MC,7
single_column,RH,5,3,0.9880772759973,2.4454071940693067,0.0,0.0,HyPhysML-MC,7
raw_propagated,RH,5,4,0.9880772759973,2.4454071940693067,0.0,0.0,HyPhysML-MC,7
single_column,RH,5,4,0.9880772759973,2.4454071940693067,0.0,0.0,HyPhysML-MC,7
raw_propagated,RH,10,0,0.9879003960294999,2.463479871206115,-0.00017687996780013648,0.0,HyPhysML-MC,7
single_column,RH,10,0,0.9879003960294999,2.463479871206115,-0.00017687996780013648,0.0,HyPhysML-MC,7
raw_propagated,RH,10,1,0.9873840007447099,2.5154996864317765,-0.0006932752525901087,0.0,HyPhysML-MC,7
single_column,RH,10,1,0.9873840007447099,2.5154996864317765,-0.0006932752525901087,0.0,HyPhysML-MC,7
raw_propagated,RH,10,2,0.9876545053922907,2.488385644540195,-0.00042277060500928165,0.0,HyPhysML-MC,7
single_column,RH,10,2,0.9876545053922907,2.488385644540195,-0.00042277060500928165,0.0,HyPhysML-MC,7
raw_propagated,RH,10,3,0.9876017161869995,2.4937001248764763,-0.00047555981030045213,0.0,HyPhysML-MC,7
single_column,RH,10,3,0.9876017161869995,2.4937001248764763,-0.00047555981030045213,0.0,HyPhysML-MC,7
raw_propagated,RH,10,4,0.9872636869376935,2.527465888875323,-0.0008135890596064899,0.0,HyPhysML-MC,7
single_column,RH,10,4,0.9872636869376935,2.527465888875323,-0.0008135890596064899,0.0,HyPhysML-MC,7
raw_propagated,RH,15,0,0.9826670739098898,2.9484881232845734,-0.005410202087410165,0.0,HyPhysML-MC,7
single_column,RH,15,0,0.9826670739098898,2.9484881232845734,-0.005410202087410165,0.0,HyPhysML-MC,7
raw_propagated,RH,15,1,0.9806069658281952,3.118791353657999,-0.007470310169104821,0.0,HyPhysML-MC,7
single_column,RH,15,1,0.9806069658281952,3.118791353657999,-0.007470310169104821,0.0,HyPhysML-MC,7
raw_propagated,RH,15,2,0.9839708093801329,2.835432003787284,-0.0041064666171670705,0.0,HyPhysML-MC,7
single_column,RH,15,2,0.9839708093801329,2.835432003787284,-0.0041064666171670705,0.0,HyPhysML-MC,7
raw_propagated,RH,15,3,0.9843997722747435,2.7972347137254476,-0.0036775037225564855,0.0,HyPhysML-MC,7
single_column,RH,15,3,0.9843997722747435,2.7972347137254476,-0.0036775037225564855,0.0,HyPhysML-MC,7
raw_propagated,RH,15,4,0.9837981260129287,2.8506642230919246,-0.004279149984371289,0.0,HyPhysML-MC,7
single_column,RH,15,4,0.9837981260129287,2.8506642230919246,-0.004279149984371289,0.0,HyPhysML-MC,7
raw_propagated,RH,20,0,0.9763938487878009,3.4409315436747026,-0.011683427209499109,0.0,HyPhysML-MC,7
single_column,RH,20,0,0.9763938487878009,3.4409315436747026,-0.011683427209499109,0.0,HyPhysML-MC,7
raw_propagated,RH,20,1,0.9782183971168498,3.3052807789722407,-0.009858878880450228,0.0,HyPhysML-MC,7
single_column,RH,20,1,0.9782183971168498,3.3052807789722407,-0.009858878880450228,0.0,HyPhysML-MC,7
raw_propagated,RH,20,2,0.9766137418598452,3.42486777943621,-0.011463534137454823,0.0,HyPhysML-MC,7
single_column,RH,20,2,0.9766137418598452,3.42486777943621,-0.011463534137454823,0.0,HyPhysML-MC,7
raw_propagated,RH,20,3,0.9758134211384928,3.482977440699067,-0.01226385485880721,0.0,HyPhysML-MC,7
single_column,RH,20,3,0.9758134211384928,3.482977440699067,-0.01226385485880721,0.0,HyPhysML-MC,7
raw_propagated,RH,20,4,0.9735590162729599,3.641683887488567,-0.014518259724340066,0.0,HyPhysML-MC,7
single_column,RH,20,4,0.9735590162729599,3.641683887488567,-0.014518259724340066,0.0,HyPhysML-MC,7
raw_propagated,Aging,5,0,0.9880780060960618,2.44533231956506,7.30098761780873e-07,13.963963963963963,HyPhysML-MC,7
single_column,Aging,5,0,0.9880780060960618,2.44533231956506,7.30098761780873e-07,0.0,HyPhysML-MC,7
raw_propagated,Aging,5,1,0.9880805135697076,2.4450751508047515,3.2375724076105783e-06,12.762762762762764,HyPhysML-MC,7
single_column,Aging,5,1,0.9880805135697076,2.4450751508047515,3.2375724076105783e-06,0.0,HyPhysML-MC,7
raw_propagated,Aging,5,2,0.9880817877045693,2.444944464018622,4.511707269339027e-06,12.462462462462462,HyPhysML-MC,7
single_column,Aging,5,2,0.9880817877045693,2.444944464018622,4.511707269339027e-06,0.0,HyPhysML-MC,7
raw_propagated,Aging,5,3,0.9880767790557579,2.445458156070914,-4.969415421385293e-07,13.288288288288289,HyPhysML-MC,7
single_column,Aging,5,3,0.9880767790557579,2.445458156070914,-4.969415421385293e-07,0.0,HyPhysML-MC,7
raw_propagated,Aging,5,4,0.9880809089920207,2.445034593466303,3.6329947207258684e-06,12.612612612612612,HyPhysML-MC,7
single_column,Aging,5,4,0.9880809089920207,2.445034593466303,3.6329947207258684e-06,0.0,HyPhysML-MC,7
raw_propagated,Aging,10,0,0.988082453621071,2.4448761588245653,5.177623771057682e-06,13.88888888888889,HyPhysML-MC,7
single_column,Aging,10,0,0.988082453621071,2.4448761588245653,5.177623771057682e-06,0.0,HyPhysML-MC,7
raw_propagated,Aging,10,1,0.9880797359978268,2.4451549021719305,2.4600005268382574e-06,13.588588588588587,HyPhysML-MC,7
single_column,Aging,10,1,0.9880797359978268,2.4451549021719305,2.4600005268382574e-06,0.0,HyPhysML-MC,7
raw_propagated,Aging,10,2,0.9880790353751477,2.4452267590455015,1.7593778477431599e-06,13.513513513513514,HyPhysML-MC,7
single_column,Aging,10,2,0.9880790353751477,2.4452267590455015,1.7593778477431599e-06,0.0,HyPhysML-MC,7
raw_propagated,Aging,10,3,0.9880798426520784,2.445143963372713,2.5666547783798066e-06,13.88888888888889,HyPhysML-MC,7
single_column,Aging,10,3,0.9880798426520784,2.445143963372713,2.5666547783798066e-06,0.0,HyPhysML-MC,7
raw_propagated,Aging,10,4,0.9880826598732465,2.444855002489508,5.383875946507466e-06,14.114114114114114,HyPhysML-MC,7
single_column,Aging,10,4,0.9880826598732465,2.444855002489508,5.383875946507466e-06,0.0,HyPhysML-MC,7
raw_propagated,Aging,15,0,0.9880824015616674,2.4448814987935346,5.125564367380875e-06,13.813813813813812,HyPhysML-MC,7
single_column,Aging,15,0,0.9880824015616674,2.4448814987935346,5.125564367380875e-06,0.0,HyPhysML-MC,7
raw_propagated,Aging,15,1,0.9879583088842865,2.4575772699452236,-0.00011896711301351282,13.438438438438439,HyPhysML-MC,7
single_column,Aging,15,1,0.9879583088842865,2.4575772699452236,-0.00011896711301351282,0.0,HyPhysML-MC,7
raw_propagated,Aging,15,2,0.9878616104557538,2.467425084329884,-0.0002156655415461728,13.288288288288289,HyPhysML-MC,7
single_column,Aging,15,2,0.9878616104557538,2.467425084329884,-0.0002156655415461728,0.0,HyPhysML-MC,7
raw_propagated,Aging,15,3,0.9880790522818736,2.4452250250921423,1.77628457365131e-06,13.963963963963963,HyPhysML-MC,7
single_column,Aging,15,3,0.9880790522818736,2.4452250250921423,1.77628457365131e-06,0.0,HyPhysML-MC,7
raw_propagated,Aging,15,4,0.9879905672069105,2.4542832772387912,-8.67087903895225e-05,13.73873873873874,HyPhysML-MC,7
single_column,Aging,15,4,0.9879905672069105,2.4542832772387912,-8.67087903895225e-05,0.0,HyPhysML-MC,7
raw_propagated,Aging,20,0,0.9860086228051864,2.6490714532138084,-0.0020686531921135787,13.363363363363364,HyPhysML-MC,7
single_column,Aging,20,0,0.9860086228051864,2.6490714532138084,-0.0020686531921135787,0.0,HyPhysML-MC,7
raw_propagated,Aging,20,1,0.9863262013456354,2.618834360799751,-0.0017510746516645748,14.414414414414415,HyPhysML-MC,7
single_column,Aging,20,1,0.9863262013456354,2.618834360799751,-0.0017510746516645748,0.0,HyPhysML-MC,7
raw_propagated,Aging,20,2,0.9864648455606414,2.605523820364774,-0.0016124304366585962,13.288288288288289,HyPhysML-MC,7
single_column,Aging,20,2,0.9864648455606414,2.605523820364774,-0.0016124304366585962,0.0,HyPhysML-MC,7
raw_propagated,Aging,20,3,0.9862649681949256,2.624691560984275,-0.0018123078023744021,14.03903903903904,HyPhysML-MC,7
single_column,Aging,20,3,0.9862649681949256,2.624691560984275,-0.0018123078023744021,0.0,HyPhysML-MC,7
raw_propagated,Aging,20,4,0.9867981820418174,2.5732400972817233,-0.0012790939554826464,13.363363363363364,HyPhysML-MC,7
single_column,Aging,20,4,0.9867981820418174,2.5732400972817233,-0.0012790939554826464,0.0,HyPhysML-MC,7
raw_propagated,SDD,5,0,0.9854903671738382,2.7076621405601,-0.0026534689928783273,0.0,HyPhysML,13
single_column,SDD,5,0,0.9881284058233986,2.4491804398923755,-1.543034331796811e-05,0.0,HyPhysML,13
raw_propagated,SDD,5,1,0.984640147142341,2.785863215361964,-0.003503689024375478,0.0,HyPhysML,13
single_column,SDD,5,1,0.9881363889376137,2.4483568194512078,-7.447229102841568e-06,0.0,HyPhysML,13
raw_propagated,SDD,5,2,0.985565923395475,2.7006031147391836,-0.0025779127712415306,0.0,HyPhysML,13
single_column,SDD,5,2,0.9881373893168088,2.4482535904745206,-6.446849907693064e-06,0.0,HyPhysML,13
raw_propagated,SDD,5,3,0.9855524899761379,2.7018595129902647,-0.0025913461905786583,0.0,HyPhysML,13
single_column,SDD,5,3,0.9881683644645557,2.445055113016705,2.452829783916588e-05,0.0,HyPhysML,13
raw_propagated,SDD,5,4,0.985192122231574,2.7353485364009784,-0.002951713935142486,0.0,HyPhysML,13
single_column,SDD,5,4,0.9881811823328629,2.443730322071823,3.73461661463681e-05,0.0,HyPhysML,13
raw_propagated,SDD,10,0,0.9809198670194575,3.104966793415446,-0.0072239691472589795,0.0,HyPhysML,13
single_column,SDD,10,0,0.9881597007789339,2.4459501419562195,1.586461221736446e-05,0.0,HyPhysML,13
raw_propagated,SDD,10,1,0.9804662111001685,3.1416623417792144,-0.007677625066548011,0.0,HyPhysML,13
single_column,SDD,10,1,0.9881429278102498,2.4476819954063047,-9.083564667111688e-07,0.0,HyPhysML,13
raw_propagated,SDD,10,2,0.9806667225859702,3.125496397305531,-0.00747711358074632,0.0,HyPhysML,13
single_column,SDD,10,2,0.9881402963992355,2.447953584376498,-3.5397674810200286e-06,0.0,HyPhysML,13
raw_propagated,SDD,10,3,0.9816981250518151,3.0409834255608947,-0.006445711114901442,0.0,HyPhysML,13
single_column,SDD,10,3,0.9881424943057017,2.4477267396552325,-1.3418610148585586e-06,0.0,HyPhysML,13
raw_propagated,SDD,10,4,0.9815423561591717,3.053897047329006,-0.006601480007544791,0.0,HyPhysML,13
single_column,SDD,10,4,0.9882182414292175,2.4398960324051235,7.440526250102053e-05,0.0,HyPhysML,13
raw_propagated,SDD,15,0,0.975838411555523,3.494049091537301,-0.01230542461119355,0.0,HyPhysML,13
single_column,SDD,15,0,0.9881501185496191,2.446939682620324,6.282382902567107e-06,0.0,HyPhysML,13
raw_propagated,SDD,15,1,0.9741518210051278,3.6139424926581856,-0.013992015161588767,0.0,HyPhysML,13
single_column,SDD,15,1,0.9881600496173109,2.4459141104528697,1.6213450594326773e-05,0.0,HyPhysML,13
raw_propagated,SDD,15,2,0.9765304211897293,3.4436492406431185,-0.011613414976987202,0.0,HyPhysML,13
single_column,SDD,15,2,0.9881620087704663,2.445711739731765,1.817260374981089e-05,0.0,HyPhysML,13
raw_propagated,SDD,15,3,0.9758147246657908,3.4957613730248465,-0.012329111500925749,0.0,HyPhysML,13
single_column,SDD,15,3,0.9881598625019092,2.4459334376619357,1.602633519270924e-05,0.0,HyPhysML,13
raw_propagated,SDD,15,4,0.9756035235650132,3.5109917930868653,-0.012540312601703296,0.0,HyPhysML,13
single_column,SDD,15,4,0.9881478945301889,2.447169296144345,4.058363472392301e-06,0.0,HyPhysML,13
raw_propagated,SDD,20,0,0.9687589422565313,3.9730966151689713,-0.019384893910185275,0.0,HyPhysML,13
single_column,SDD,20,0,0.9881592490810774,2.445996797022894,1.5412914360912744e-05,0.0,HyPhysML,13
raw_propagated,SDD,20,1,0.9687668511055394,3.9725936774893764,-0.019376985061177132,0.0,HyPhysML,13
single_column,SDD,20,1,0.9881292920999365,2.4490890161272456,-1.4544066780031173e-05,0.0,HyPhysML,13
raw_propagated,SDD,20,2,0.9668294396902114,4.093951233235998,-0.021314396476505126,0.0,HyPhysML,13
single_column,SDD,20,2,0.9880880524770911,2.453339476187957,-5.578368962544378e-05,0.0,HyPhysML,13
raw_propagated,SDD,20,3,0.9693834656424618,3.933184109094143,-0.01876037052425472,0.0,HyPhysML,13
single_column,SDD,20,3,0.9881127466773504,2.450795195036423,-3.1089489366142864e-05,0.0,HyPhysML,13
raw_propagated,SDD,20,4,0.9683483845627144,3.999117840583102,-0.01979545160400209,0.0,HyPhysML,13
single_column,SDD,20,4,0.9881060525579431,2.4514851612632738,-3.7783608773378496e-05,0.0,HyPhysML,13
raw_propagated,RH,5,0,0.9832302613106514,2.9109142287685876,-0.004913574856065139,0.0,HyPhysML,13
single_column,RH,5,0,0.9867400191752028,2.588437656559344,-0.0014038169915137066,0.0,HyPhysML,13
raw_propagated,RH,5,1,0.9833956353209007,2.8965257443436436,-0.004748200845815842,0.0,HyPhysML,13
single_column,RH,5,1,0.9868789138713887,2.5748453784381544,-0.0012649222953278194,0.0,HyPhysML,13
raw_propagated,RH,5,2,0.9833979010471615,2.896328116838362,-0.0047459351195550115,0.0,HyPhysML,13
single_column,RH,5,2,0.9867339933050064,2.5890257349998396,-0.0014098428617100867,0.0,HyPhysML,13
raw_propagated,RH,5,3,0.9824705413601357,2.9761205133523014,-0.005673294806580853,0.0,HyPhysML,13
single_column,RH,5,3,0.9864645445521195,2.6151866954794762,-0.0016792916145970116,0.0,HyPhysML,13
raw_propagated,RH,5,4,0.9830211193853425,2.9290095561580034,-0.005122716781373993,0.0,HyPhysML,13
single_column,RH,5,4,0.986720304860364,2.590361125479929,-0.0014235313063525323,0.0,HyPhysML,13
raw_propagated,RH,10,0,0.9815501870089212,3.0532491546137006,-0.006593649157795367,0.0,HyPhysML,13
single_column,RH,10,0,0.9864030119777176,2.6211243124015913,-0.0017408241889989018,0.0,HyPhysML,13
raw_propagated,RH,10,1,0.9825251031283582,2.9714852033036387,-0.005618733038358359,0.0,HyPhysML,13
single_column,RH,10,1,0.9869123904399993,2.5715586063985554,-0.001231445726717184,0.0,HyPhysML,13
raw_propagated,RH,10,2,0.9812877908046124,3.074884401197243,-0.006856045362104157,0.0,HyPhysML,13
single_column,RH,10,2,0.9863001465198378,2.631020442565391,-0.0018436896468787545,0.0,HyPhysML,13
raw_propagated,RH,10,3,0.9811595437774944,3.0854035069011383,-0.0069842923892221576,0.0,HyPhysML,13
single_column,RH,10,3,0.9861775261941473,2.6427686668453605,-0.0019663099725691913,0.0,HyPhysML,13
raw_propagated,RH,10,4,0.9814804385561393,3.059015026440158,-0.006663397610577215,0.0,HyPhysML,13
single_column,RH,10,4,0.986481626415586,2.6135359802397664,-0.0016622097511305167,0.0,HyPhysML,13
raw_propagated,RH,15,0,0.9775285754098647,3.3696249416165727,-0.010615260756851819,0.0,HyPhysML,13
single_column,RH,15,0,0.9852861738872428,2.726647969519678,-0.002857662279473705,0.0,HyPhysML,13
raw_propagated,RH,15,1,0.9786567633100047,3.2839489827406974,-0.009487072856711798,0.0,HyPhysML,13
single_column,RH,15,1,0.9858896582105517,2.6701461195879874,-0.0022541779561647823,0.0,HyPhysML,13
raw_propagated,RH,15,2,0.9764468428971713,3.449775437985316,-0.011696993269545208,0.0,HyPhysML,13
single_column,RH,15,2,0.9849062682401233,2.7616241703317517,-0.0032375679265932433,0.0,HyPhysML,13
raw_propagated,RH,15,3,0.978635537755514,3.285581497946219,-0.009508298411202487,0.0,HyPhysML,13
single_column,RH,15,3,0.9856303957902454,2.694565000261915,-0.0025134403764711655,0.0,HyPhysML,13
raw_propagated,RH,15,4,0.9788573959379299,3.268477500352323,-0.009286440228786663,0.0,HyPhysML,13
single_column,RH,15,4,0.9857197647341478,2.6861727713588115,-0.0024240714325687307,0.0,HyPhysML,13
raw_propagated,RH,20,0,0.9737771354991466,3.6400414301605135,-0.014366700667569954,0.0,HyPhysML,13
single_column,RH,20,0,0.9840060759402562,2.842783434820768,-0.004137760226460285,0.0,HyPhysML,13
raw_propagated,RH,20,1,0.9726573000651192,3.7169520579505546,-0.015486536101597337,0.0,HyPhysML,13
single_column,RH,20,1,0.983767569070444,2.863901276828544,-0.004376267096272479,0.0,HyPhysML,13
raw_propagated,RH,20,2,0.9762168145105534,3.466580364939042,-0.011927021656163106,0.0,HyPhysML,13
single_column,RH,20,2,0.9852611177894106,2.728968579312415,-0.002882718377305915,0.0,HyPhysML,13
raw_propagated,RH,20,3,0.9734074268702174,3.6656115680052594,-0.014736409296499109,0.0,HyPhysML,13
single_column,RH,20,3,0.9841355349894436,2.8312549384547254,-0.0040083011772729105,0.0,HyPhysML,13
raw_propagated,RH,20,4,0.9759226799950336,3.487950667131485,-0.012221156171682956,0.0,HyPhysML,13
single_column,RH,20,4,0.9851549655380532,2.7387782253408464,-0.002988870628663376,0.0,HyPhysML,13
raw_propagated,Aging,5,0,0.9868734384464899,2.575382563464335,-0.0012703977202266348,14.03903903903904,HyPhysML,13
single_column,Aging,5,0,0.9876572015185332,2.4973135897227596,-0.00048663464818332614,0.0,HyPhysML,13
raw_propagated,Aging,5,1,0.9865647314514882,2.6054901587636263,-0.0015791047152283744,13.73873873873874,HyPhysML,13
single_column,Aging,5,1,0.9874072583931814,2.522472308718878,-0.0007365777735350854,0.0,HyPhysML,13
raw_propagated,Aging,5,2,0.9863492033064972,2.6263056052924276,-0.001794632860219303,13.438438438438439,HyPhysML,13
single_column,Aging,5,2,0.9873868283604,2.524517665825242,-0.0007570078063164898,0.0,HyPhysML,13
raw_propagated,Aging,5,3,0.9864874063356766,2.612977198369473,-0.0016564298310399739,12.387387387387387,HyPhysML,13
single_column,Aging,5,3,0.9874441220740333,2.5187774911305714,-0.0006997140926832124,0.0,HyPhysML,13
raw_propagated,Aging,5,4,0.9869299683123212,2.5698311054121694,-0.0012138678543953674,13.363363363363364,HyPhysML,13
single_column,Aging,5,4,0.9876296708784184,2.500097170215551,-0.000514165288298174,0.0,HyPhysML,13
raw_propagated,Aging,10,0,0.9858829714874672,2.670778719889318,-0.0022608646792493525,12.012012012012011,HyPhysML,13
single_column,Aging,10,0,0.9873506118318303,2.528139424571809,-0.0007932243348862666,0.0,HyPhysML,13
raw_propagated,Aging,10,1,0.9853963139638015,2.7164236633337353,-0.002747522202915076,13.438438438438439,HyPhysML,13
single_column,Aging,10,1,0.9873633159307734,2.526869568623888,-0.0007805202359431052,0.0,HyPhysML,13
raw_propagated,Aging,10,2,0.985975135178415,2.6620462911889065,-0.002168700988301575,13.138138138138139,HyPhysML,13
single_column,Aging,10,2,0.9875843240030712,2.5046753784773137,-0.0005595121636453593,0.0,HyPhysML,13
raw_propagated,Aging,10,3,0.9856943373145622,2.6885632104179025,-0.002449498852154286,12.687687687687689,HyPhysML,13
single_column,Aging,10,3,0.9875129275299886,2.5118666357670403,-0.0006309086367278782,0.0,HyPhysML,13
raw_propagated,Aging,10,4,0.9858765357442685,2.671387434656162,-0.0022673004224480486,12.612612612612612,HyPhysML,13
single_column,Aging,10,4,0.9873955769212989,2.5236420047218155,-0.0007482592454176595,0.0,HyPhysML,13
raw_propagated,Aging,15,0,0.9850705472779989,2.746554399011114,-0.003073288888717607,14.18918918918919,HyPhysML,13
single_column,Aging,15,0,0.9875496773270566,2.508167665987534,-0.000594158839659964,0.0,HyPhysML,13
raw_propagated,Aging,15,1,0.9847675758297052,2.774283083274018,-0.0033762603370113276,13.063063063063062,HyPhysML,13
single_column,Aging,15,1,0.9872590543665402,2.5372723839317737,-0.0008847818001763708,0.0,HyPhysML,13
raw_propagated,Aging,15,2,0.9846832876319458,2.7819482035666185,-0.0034605485347707354,13.363363363363364,HyPhysML,13
single_column,Aging,15,2,0.9873993081134712,2.5232684497328486,-0.0007445280532453191,0.0,HyPhysML,13
raw_propagated,Aging,15,3,0.9843566288622436,2.8114569368777755,-0.003787207304472906,12.162162162162163,HyPhysML,13
single_column,Aging,15,3,0.9872922042411884,2.5339694484393016,-0.0008516319255281735,0.0,HyPhysML,13
raw_propagated,Aging,15,4,0.984948423657824,2.757764991508099,-0.003195412508892548,13.588588588588587,HyPhysML,13
single_column,Aging,15,4,0.9876445327168164,2.4985948978678474,-0.0004993034499001237,0.0,HyPhysML,13
raw_propagated,Aging,20,0,0.9831350376957598,2.9191670526493563,-0.005008798470956699,13.663663663663664,HyPhysML,13
single_column,Aging,20,0,0.9872993793157634,2.5332539826248066,-0.0008444568509531347,0.0,HyPhysML,13
raw_propagated,Aging,20,1,0.982965390774912,2.9338124614913728,-0.005178445391804565,13.138138138138139,HyPhysML,13
single_column,Aging,20,1,0.986969962465718,2.5658962654869977,-0.001173873700998529,0.0,HyPhysML,13
raw_propagated,Aging,20,2,0.9834243755052128,2.8940178875509344,-0.004719460661503749,12.912912912912914,HyPhysML,13
single_column,Aging,20,2,0.9871910802302883,2.5440316732676016,-0.0009527559364281846,0.0,HyPhysML,13
raw_propagated,Aging,20,3,0.9825359763631324,2.9705606003152565,-0.0056078598035841365,13.663663663663664,HyPhysML,13
single_column,Aging,20,3,0.9872733036122686,2.5358531669861426,-0.0008705325544479114,0.0,HyPhysML,13
raw_propagated,Aging,20,4,0.983040491545765,2.9273381433497017,-0.005103344620951522,13.88888888888889,HyPhysML,13
single_column,Aging,20,4,0.9871975707521818,2.5433870371137535,-0.000946265414534686,0.0,HyPhysML,13
raw_propagated,SDD,5,0,0.9747160492850172,3.5742812988129717,-0.012368476738188416,0.0,HyPhysML-MC,13
single_column,SDD,5,0,0.9747160492850172,3.5742812988129717,-0.012368476738188416,0.0,HyPhysML-MC,13
raw_propagated,SDD,5,1,0.9735156272823484,3.6581466087493664,-0.013568898740857205,0.0,HyPhysML-MC,13
single_column,SDD,5,1,0.9735156272823484,3.6581466087493664,-0.013568898740857205,0.0,HyPhysML-MC,13
raw_propagated,SDD,5,2,0.9755710709521502,3.513326207882138,-0.01151345507105539,0.0,HyPhysML-MC,13
single_column,SDD,5,2,0.9755710709521502,3.513326207882138,-0.01151345507105539,0.0,HyPhysML-MC,13
raw_propagated,SDD,5,3,0.973536438770058,3.6567090358086043,-0.0135480872531476,0.0,HyPhysML-MC,13
single_column,SDD,5,3,0.973536438770058,3.6567090358086043,-0.0135480872531476,0.0,HyPhysML-MC,13
raw_propagated,SDD,5,4,0.9746908050954061,3.5760651838770317,-0.012393720927799556,0.0,HyPhysML-MC,13
single_column,SDD,5,4,0.9746908050954061,3.5760651838770317,-0.012393720927799556,0.0,HyPhysML-MC,13
raw_propagated,SDD,10,0,0.9744004129143617,3.596522167390617,-0.012684113108843875,0.0,HyPhysML-MC,13
single_column,SDD,10,0,0.9744004129143617,3.596522167390617,-0.012684113108843875,0.0,HyPhysML-MC,13
raw_propagated,SDD,10,1,0.9739857404796964,3.625534110744803,-0.013098785543509184,0.0,HyPhysML-MC,13
single_column,SDD,10,1,0.9739857404796964,3.625534110744803,-0.013098785543509184,0.0,HyPhysML-MC,13
raw_propagated,SDD,10,2,0.9733299661575895,3.670946411172917,-0.013754559865616134,0.0,HyPhysML-MC,13
single_column,SDD,10,2,0.9733299661575895,3.670946411172917,-0.013754559865616134,0.0,HyPhysML-MC,13
raw_propagated,SDD,10,3,0.9738686936028486,3.633681203754585,-0.013215832420357065,0.0,HyPhysML-MC,13
single_column,SDD,10,3,0.9738686936028486,3.633681203754585,-0.013215832420357065,0.0,HyPhysML-MC,13
raw_propagated,SDD,10,4,0.9759840555778538,3.483502256677201,-0.011100470445351784,0.0,HyPhysML-MC,13
single_column,SDD,10,4,0.9759840555778538,3.483502256677201,-0.011100470445351784,0.0,HyPhysML-MC,13
raw_propagated,SDD,15,0,0.9738622150745122,3.634131610775744,-0.013222310948693416,0.0,HyPhysML-MC,13
single_column,SDD,15,0,0.9738622150745122,3.634131610775744,-0.013222310948693416,0.0,HyPhysML-MC,13
raw_propagated,SDD,15,1,0.9720156804518261,3.760309889961293,-0.015068845571379552,0.0,HyPhysML-MC,13
single_column,SDD,15,1,0.9720156804518261,3.760309889961293,-0.015068845571379552,0.0,HyPhysML-MC,13
raw_propagated,SDD,15,2,0.9739145393416386,3.6304922715146852,-0.013169986681566992,0.0,HyPhysML-MC,13
single_column,SDD,15,2,0.9739145393416386,3.6304922715146852,-0.013169986681566992,0.0,HyPhysML-MC,13
raw_propagated,SDD,15,3,0.9735879646215521,3.6531474053873243,-0.013496561401653562,0.0,HyPhysML-MC,13
single_column,SDD,15,3,0.9735879646215521,3.6531474053873243,-0.013496561401653562,0.0,HyPhysML-MC,13
raw_propagated,SDD,15,4,0.9731974126474356,3.6800576429179737,-0.013887113375769977,0.0,HyPhysML-MC,13
single_column,SDD,15,4,0.9731974126474356,3.6800576429179737,-0.013887113375769977,0.0,HyPhysML-MC,13
raw_propagated,SDD,20,0,0.9706992637063611,3.84773831700462,-0.016385262316844562,0.0,HyPhysML-MC,13
single_column,SDD,20,0,0.9706992637063611,3.84773831700462,-0.016385262316844562,0.0,HyPhysML-MC,13
raw_propagated,SDD,20,1,0.9700165152517627,3.8923090350511043,-0.017068010771442932,0.0,HyPhysML-MC,13
single_column,SDD,20,1,0.9700165152517627,3.8923090350511043,-0.017068010771442932,0.0,HyPhysML-MC,13
raw_propagated,SDD,20,2,0.9701618748254283,3.882862638428205,-0.01692265119777736,0.0,HyPhysML-MC,13
single_column,SDD,20,2,0.9701618748254283,3.882862638428205,-0.01692265119777736,0.0,HyPhysML-MC,13
raw_propagated,SDD,20,3,0.9702665135274874,3.8760482936998923,-0.016818012495718238,0.0,HyPhysML-MC,13
single_column,SDD,20,3,0.9702665135274874,3.8760482936998923,-0.016818012495718238,0.0,HyPhysML-MC,13
raw_propagated,SDD,20,4,0.970940749545212,3.8318496936995246,-0.016143776477993588,0.0,HyPhysML-MC,13
single_column,SDD,20,4,0.970940749545212,3.8318496936995246,-0.016143776477993588,0.0,HyPhysML-MC,13
raw_propagated,RH,5,0,0.9749171248151617,3.5600403455948317,-0.012167401208043938,0.0,HyPhysML-MC,13
single_column,RH,5,0,0.9749171248151617,3.5600403455948317,-0.012167401208043938,0.0,HyPhysML-MC,13
raw_propagated,RH,5,1,0.9745352790108857,3.5870358925275414,-0.012549247012319964,0.0,HyPhysML-MC,13
single_column,RH,5,1,0.9745352790108857,3.5870358925275414,-0.012549247012319964,0.0,HyPhysML-MC,13
raw_propagated,RH,5,2,0.9745031476707854,3.5892982368831703,-0.012581378352420236,0.0,HyPhysML-MC,13
single_column,RH,5,2,0.9745031476707854,3.5892982368831703,-0.012581378352420236,0.0,HyPhysML-MC,13
raw_propagated,RH,5,3,0.97256300822317,3.7233555334466213,-0.014521517800035633,0.0,HyPhysML-MC,13
single_column,RH,5,3,0.97256300822317,3.7233555334466213,-0.014521517800035633,0.0,HyPhysML-MC,13
raw_propagated,RH,5,4,0.9740578226419775,3.6205076824219318,-0.013026703381228133,0.0,HyPhysML-MC,13
single_column,RH,5,4,0.9740578226419775,3.6205076824219318,-0.013026703381228133,0.0,HyPhysML-MC,13
raw_propagated,RH,10,0,0.9734398778041297,3.6633743112009185,-0.013644648219075961,0.0,HyPhysML-MC,13
single_column,RH,10,0,0.9734398778041297,3.6633743112009185,-0.013644648219075961,0.0,HyPhysML-MC,13
raw_propagated,RH,10,1,0.9743473375788331,3.6002485513708744,-0.01273718844437255,0.0,HyPhysML-MC,13
single_column,RH,10,1,0.9743473375788331,3.6002485513708744,-0.01273718844437255,0.0,HyPhysML-MC,13
raw_propagated,RH,10,2,0.9730833869938026,3.687877328819677,-0.014001139029403031,0.0,HyPhysML-MC,13
single_column,RH,10,2,0.9730833869938026,3.687877328819677,-0.014001139029403031,0.0,HyPhysML-MC,13
raw_propagated,RH,10,3,0.9726676583522483,3.716247941242624,-0.01441686767095729,0.0,HyPhysML-MC,13
single_column,RH,10,3,0.9726676583522483,3.716247941242624,-0.01441686767095729,0.0,HyPhysML-MC,13
raw_propagated,RH,10,4,0.9728397928001076,3.7045273091197903,-0.01424473322309805,0.0,HyPhysML-MC,13
single_column,RH,10,4,0.9728397928001076,3.7045273091197903,-0.01424473322309805,0.0,HyPhysML-MC,13
raw_propagated,RH,15,0,0.9703447640980959,3.8709445732357555,-0.01673976192510973,0.0,HyPhysML-MC,13
single_column,RH,15,0,0.9703447640980959,3.8709445732357555,-0.01673976192510973,0.0,HyPhysML-MC,13
raw_propagated,RH,15,1,0.9716108677224958,3.787409990946193,-0.015473658300709792,0.0,HyPhysML-MC,13
single_column,RH,15,1,0.9716108677224958,3.787409990946193,-0.015473658300709792,0.0,HyPhysML-MC,13
raw_propagated,RH,15,2,0.9688888259188695,3.9648290043786867,-0.018195700104336132,0.0,HyPhysML-MC,13
single_column,RH,15,2,0.9688888259188695,3.9648290043786867,-0.018195700104336132,0.0,HyPhysML-MC,13
raw_propagated,RH,15,3,0.9709007451926461,3.83448634026124,-0.01618378083055949,0.0,HyPhysML-MC,13
single_column,RH,15,3,0.9709007451926461,3.83448634026124,-0.01618378083055949,0.0,HyPhysML-MC,13
raw_propagated,RH,15,4,0.9712510427071421,3.8113366417435666,-0.01583348331606349,0.0,HyPhysML-MC,13
single_column,RH,15,4,0.9712510427071421,3.8113366417435666,-0.01583348331606349,0.0,HyPhysML-MC,13
raw_propagated,RH,20,0,0.9669406536085787,4.087082391858716,-0.020143872414626895,0.0,HyPhysML-MC,13
single_column,RH,20,0,0.9669406536085787,4.087082391858716,-0.020143872414626895,0.0,HyPhysML-MC,13
raw_propagated,RH,20,1,0.9654870946435287,4.175966648843714,-0.021597431379676957,0.0,HyPhysML-MC,13
single_column,RH,20,1,0.9654870946435287,4.175966648843714,-0.021597431379676957,0.0,HyPhysML-MC,13
raw_propagated,RH,20,2,0.9692271548619732,3.9432116380599025,-0.017857371161232427,0.0,HyPhysML-MC,13
single_column,RH,20,2,0.9692271548619732,3.9432116380599025,-0.017857371161232427,0.0,HyPhysML-MC,13
raw_propagated,RH,20,3,0.9664996372685478,4.114253204007176,-0.020584888754657804,0.0,HyPhysML-MC,13
single_column,RH,20,3,0.9664996372685478,4.114253204007176,-0.020584888754657804,0.0,HyPhysML-MC,13
raw_propagated,RH,20,4,0.969219107489458,3.9437271968017766,-0.017865418533747568,0.0,HyPhysML-MC,13
single_column,RH,20,4,0.969219107489458,3.9437271968017766,-0.017865418533747568,0.0,HyPhysML-MC,13
raw_propagated,Aging,5,0,0.981193760106529,3.0826005185836904,-0.005890765916676588,14.03903903903904,HyPhysML-MC,13
single_column,Aging,5,0,0.981193760106529,3.0826005185836904,-0.005890765916676588,0.0,HyPhysML-MC,13
raw_propagated,Aging,5,1,0.9805809160707059,3.1324246338830983,-0.006503609952499767,13.73873873873874,HyPhysML-MC,13
single_column,Aging,5,1,0.9805809160707059,3.1324246338830983,-0.006503609952499767,0.0,HyPhysML-MC,13
raw_propagated,Aging,5,2,0.9801667634405508,3.1656511695899425,-0.006917762582654863,13.438438438438439,HyPhysML-MC,13
single_column,Aging,5,2,0.9801667634405508,3.1656511695899425,-0.006917762582654863,0.0,HyPhysML-MC,13
raw_propagated,Aging,5,3,0.9806206116370888,3.129221419465892,-0.00646391438611682,12.387387387387387,HyPhysML-MC,13
single_column,Aging,5,3,0.9806206116370888,3.129221419465892,-0.00646391438611682,0.0,HyPhysML-MC,13
raw_propagated,Aging,5,4,0.9812051091381787,3.0816702472832396,-0.005879416885026911,13.363363363363364,HyPhysML-MC,13
single_column,Aging,5,4,0.9812051091381787,3.0816702472832396,-0.005879416885026911,0.0,HyPhysML-MC,13
raw_propagated,Aging,10,0,0.9805429191219563,3.135487713822952,-0.006541606901249275,12.012012012012011,HyPhysML-MC,13
single_column,Aging,10,0,0.9805429191219563,3.135487713822952,-0.006541606901249275,0.0,HyPhysML-MC,13
raw_propagated,Aging,10,1,0.9805342668786311,3.1361847862031462,-0.006550259144574522,13.438438438438439,HyPhysML-MC,13
single_column,Aging,10,1,0.9805342668786311,3.1361847862031462,-0.006550259144574522,0.0,HyPhysML-MC,13
raw_propagated,Aging,10,2,0.9814623233503594,3.0605107730399963,-0.005622202672846188,13.138138138138139,HyPhysML-MC,13
single_column,Aging,10,2,0.9814623233503594,3.0605107730399963,-0.005622202672846188,0.0,HyPhysML-MC,13
raw_propagated,Aging,10,3,0.9805642156858616,3.1337712848037627,-0.006520310337344015,12.687687687687689,HyPhysML-MC,13
single_column,Aging,10,3,0.9805642156858616,3.1337712848037627,-0.006520310337344015,0.0,HyPhysML-MC,13
raw_propagated,Aging,10,4,0.9801915783023482,3.1636701569849994,-0.006892947720857467,12.612612612612612,HyPhysML-MC,13
single_column,Aging,10,4,0.9801915783023482,3.1636701569849994,-0.006892947720857467,0.0,HyPhysML-MC,13
raw_propagated,Aging,15,0,0.9810581610774871,3.093693827759889,-0.00602636494571851,14.18918918918919,HyPhysML-MC,13
single_column,Aging,15,0,0.9810581610774871,3.093693827759889,-0.00602636494571851,0.0,HyPhysML-MC,13
raw_propagated,Aging,15,1,0.9805028897494935,3.1387114018566833,-0.00658163627371211,13.063063063063062,HyPhysML-MC,13
single_column,Aging,15,1,0.9805028897494935,3.1387114018566833,-0.00658163627371211,0.0,HyPhysML-MC,13
raw_propagated,Aging,15,2,0.9803247654305316,3.153016334540389,-0.0067597605926740245,13.363363363363364,HyPhysML-MC,13
single_column,Aging,15,2,0.9803247654305316,3.153016334540389,-0.0067597605926740245,0.0,HyPhysML-MC,13
raw_propagated,Aging,15,3,0.9800900266302195,3.1717693705618326,-0.006994499392986131,12.162162162162163,HyPhysML-MC,13
single_column,Aging,15,3,0.9800900266302195,3.1717693705618326,-0.006994499392986131,0.0,HyPhysML-MC,13
raw_propagated,Aging,15,4,0.9815083471809836,3.05670921884542,-0.005576178842222057,13.588588588588587,HyPhysML-MC,13
single_column,Aging,15,4,0.9815083471809836,3.05670921884542,-0.005576178842222057,0.0,HyPhysML-MC,13
raw_propagated,Aging,20,0,0.9800534486574836,3.1746815707606397,-0.0070310773657220604,13.663663663663664,HyPhysML-MC,13
single_column,Aging,20,0,0.9800534486574836,3.1746815707606397,-0.0070310773657220604,0.0,HyPhysML-MC,13
raw_propagated,Aging,20,1,0.9789560205914514,3.2608452980546554,-0.008128505431754252,13.138138138138139,HyPhysML-MC,13
single_column,Aging,20,1,0.9789560205914514,3.2608452980546554,-0.008128505431754252,0.0,HyPhysML-MC,13
raw_propagated,Aging,20,2,0.9797756085638825,3.1967155413219044,-0.007308917459323161,12.912912912912914,HyPhysML-MC,13
single_column,Aging,20,2,0.9797756085638825,3.1967155413219044,-0.007308917459323161,0.0,HyPhysML-MC,13
raw_propagated,Aging,20,3,0.9796547463672591,3.206253196659493,-0.007429779655946489,13.663663663663664,HyPhysML-MC,13
single_column,Aging,20,3,0.9796547463672591,3.206253196659493,-0.007429779655946489,0.0,HyPhysML-MC,13
raw_propagated,Aging,20,4,0.9797265663293042,3.200589060790675,-0.007357959693901406,13.88888888888889,HyPhysML-MC,13
single_column,Aging,20,4,0.9797265663293042,3.200589060790675,-0.007357959693901406,0.0,HyPhysML-MC,13
raw_propagated,SDD,5,0,0.9862106266631909,2.6624487969492394,-0.002867170601589142,0.0,HyPhysML,99
single_column,SDD,5,0,0.9890650683271365,2.3709207427200667,-1.2728937643591287e-05,0.0,HyPhysML,99
raw_propagated,SDD,5,1,0.9863457008288714,2.649376662792915,-0.0027320964359086597,0.0,HyPhysML,99
single_column,SDD,5,1,0.989061678556316,2.3712882006722946,-1.6118708464074594e-05,0.0,HyPhysML,99
raw_propagated,SDD,5,2,0.9863232788346059,2.651551067365129,-0.0027545184301741577,0.0,HyPhysML,99
single_column,SDD,5,2,0.9890676312099347,2.3706428832760977,-1.0166054845384132e-05,0.0,HyPhysML,99
raw_propagated,SDD,5,3,0.9860134979787449,2.6814120430948822,-0.0030642992860351326,0.0,HyPhysML,99
single_column,SDD,5,3,0.9890762837699497,2.369704560097095,-1.5134948303519025e-06,0.0,HyPhysML,99
raw_propagated,SDD,5,4,0.9858360548000289,2.698367629641486,-0.003241742464751174,0.0,HyPhysML,99
single_column,SDD,5,4,0.9890773025259157,2.369594057091685,-4.947388643206097e-07,0.0,HyPhysML,99
raw_propagated,SDD,10,0,0.9803682672063869,3.1767886069005593,-0.008709530058393145,0.0,HyPhysML,99
single_column,SDD,10,0,0.9890680782214495,2.3705944164012855,-9.71904333058049e-06,0.0,HyPhysML,99
raw_propagated,SDD,10,1,0.9809373031661683,3.130409622934116,-0.008140494098611728,0.0,HyPhysML,99
single_column,SDD,10,1,0.9890813800239012,2.3691517251079808,3.5827591211567977e-06,0.0,HyPhysML,99
raw_propagated,SDD,10,2,0.9814624493223385,3.086989661748478,-0.007615347942441564,0.0,HyPhysML,99
single_column,SDD,10,2,0.9890799504303203,2.3693068185744304,2.1531655401973993e-06,0.0,HyPhysML,99
raw_propagated,SDD,10,3,0.9814267600955033,3.0899598302504425,-0.007651037169276731,0.0,HyPhysML,99
single_column,SDD,10,3,0.9890813266938395,2.3691575109515,3.5294290594567457e-06,0.0,HyPhysML,99
raw_propagated,SDD,10,4,0.981814937771255,3.057499503318339,-0.00726285949352512,0.0,HyPhysML,99
single_column,SDD,10,4,0.989064673397682,2.370963556795607,-1.312386709806379e-05,0.0,HyPhysML,99
raw_propagated,SDD,15,0,0.9746125909263712,3.612585961058412,-0.014465206338408865,0.0,HyPhysML,99
single_column,SDD,15,0,0.9890703030240109,2.3703531791786436,-7.49424076917915e-06,0.0,HyPhysML,99
raw_propagated,SDD,15,1,0.9758562406688466,3.5229902889458242,-0.013221556595933492,0.0,HyPhysML,99
single_column,SDD,15,1,0.9890755283639516,2.3697864945804885,-2.2689008284393353e-06,0.0,HyPhysML,99
raw_propagated,SDD,15,2,0.9755698242318067,3.5438252255274394,-0.013507973032973353,0.0,HyPhysML,99
single_column,SDD,15,2,0.9890770021180456,2.369626642440274,-7.951467344557983e-07,0.0,HyPhysML,99
raw_propagated,SDD,15,3,0.973974111114858,3.6577311850639918,-0.01510368614992208,0.0,HyPhysML,99
single_column,SDD,15,3,0.9890609670593854,2.3713653211358845,-1.683020539466895e-05,0.0,HyPhysML,99
raw_propagated,SDD,15,4,0.9752177869349075,3.5692670489321543,-0.013860010329872607,0.0,HyPhysML,99
single_column,SDD,15,4,0.9890561501666721,2.3718873670615435,-2.16470981079242e-05,0.0,HyPhysML,99
raw_propagated,SDD,20,0,0.9661340624132402,4.172444333037661,-0.022943734851539888,0.0,HyPhysML,99
single_column,SDD,20,0,0.9890615700192678,2.3712999653651012,-1.622724551231247e-05,0.0,HyPhysML,99
raw_propagated,SDD,20,1,0.9696097338868606,3.9525397922681407,-0.01946806337791951,0.0,HyPhysML,99
single_column,SDD,20,1,0.9890700637620706,2.370379123731289,-7.7335027094394e-06,0.0,HyPhysML,99
raw_propagated,SDD,20,2,0.9683931533178193,4.030877354378941,-0.02068464394696079,0.0,HyPhysML,99
single_column,SDD,20,2,0.9890714856831606,2.370224932452339,-6.311581619455886e-06,0.0,HyPhysML,99
raw_propagated,SDD,20,3,0.9669532883709201,4.1216691226353,-0.022124508893859973,0.07507507507507508,HyPhysML,99
single_column,SDD,20,3,0.9890592415529953,2.3715523415375452,-1.8555711784773443e-05,0.0,HyPhysML,99
raw_propagated,SDD,20,4,0.9687831611551861,4.005930963499681,-0.020294636109593922,0.0,HyPhysML,99
single_column,SDD,20,4,0.9890737038842591,2.3699843735705888,-4.0933805209864005e-06,0.0,HyPhysML,99
raw_propagated,RH,5,0,0.9854042819757611,2.739187314253293,-0.003673515289018936,0.0,HyPhysML,99
single_column,RH,5,0,0.9877474034374579,2.509707256170226,-0.0013303938273221405,0.0,HyPhysML,99
raw_propagated,RH,5,1,0.9850835523259187,2.7691195380247877,-0.003994244938861358,0.0,HyPhysML,99
single_column,RH,5,1,0.9875403286222676,2.5308260346009255,-0.001537468642512474,0.0,HyPhysML,99
raw_propagated,RH,5,2,0.9850819378389406,2.769269392285228,-0.003995859425839465,0.0,HyPhysML,99
single_column,RH,5,2,0.9875166815691127,2.533226507588945,-0.0015611156956674144,0.0,HyPhysML,99
raw_propagated,RH,5,3,0.9853104754734507,2.747975578137516,-0.0037673217913293255,0.0,HyPhysML,99
single_column,RH,5,3,0.9876821554486057,2.51638077726441,-0.0013956418161743533,0.0,HyPhysML,99
raw_propagated,RH,5,4,0.9854017090492277,2.7394287349611997,-0.00367608821555232,0.0,HyPhysML,99
single_column,RH,5,4,0.9877652488557299,2.5078789459454325,-0.0013125484090501516,0.0,HyPhysML,99
raw_propagated,RH,10,0,0.9834201581078352,2.9194375641972896,-0.005657639156944838,0.0,HyPhysML,99
single_column,RH,10,0,0.9872757895612694,2.5575516960839013,-0.0018020077035106885,0.0,HyPhysML,99
raw_propagated,RH,10,1,0.9843120954164459,2.8398242864697036,-0.004765701848334136,0.0,HyPhysML,99
single_column,RH,10,1,0.987593467212695,2.5254234754331404,-0.0014843300520850367,0.0,HyPhysML,99
raw_propagated,RH,10,2,0.9847466229749201,2.800219024975649,-0.0043311742898599626,0.0,HyPhysML,99
single_column,RH,10,2,0.9878347108422462,2.500749654499752,-0.0012430864225339011,0.0,HyPhysML,99
raw_propagated,RH,10,3,0.9847852974783438,2.7966668340970373,-0.00429249978643631,0.0,HyPhysML,99
single_column,RH,10,3,0.9878675298385841,2.4973741687170725,-0.00121026742619601,0.0,HyPhysML,99
raw_propagated,RH,10,4,0.9836264714663261,2.9012165075551515,-0.0054513257984539765,0.0,HyPhysML,99
single_column,RH,10,4,0.9873050237578614,2.5546119866154937,-0.0017727735069186235,0.0,HyPhysML,99
raw_propagated,RH,15,0,0.9801570676741763,3.1938309490558074,-0.008920729590603749,0.0,HyPhysML,99
single_column,RH,15,0,0.9862447209304654,2.659155303545343,-0.0028330763343146215,0.0,HyPhysML,99
raw_propagated,RH,15,1,0.9786840723136946,3.3102524716680506,-0.010393724951085481,0.0,HyPhysML,99
single_column,RH,15,1,0.9858492444126504,2.6971109630614505,-0.0032285528521296403,0.0,HyPhysML,99
raw_propagated,RH,15,2,0.9802016428337275,3.1902416215260976,-0.008876154431052607,0.0,HyPhysML,99
single_column,RH,15,2,0.9864218329357115,2.6419802900865537,-0.002655964329068561,0.0,HyPhysML,99
raw_propagated,RH,15,3,0.9812512507965307,3.1045249125428263,-0.007826546468249318,0.0,HyPhysML,99
single_column,RH,15,3,0.9870116934487675,2.583956894874647,-0.0020661038160125766,0.0,HyPhysML,99
raw_propagated,RH,15,4,0.9803280269508072,3.180042760426891,-0.008749770313972838,0.0,HyPhysML,99
single_column,RH,15,4,0.9867333683572295,2.6114958185835966,-0.0023444289075505997,0.0,HyPhysML,99
raw_propagated,RH,20,0,0.9757031994403879,3.5341383261505483,-0.01337459782439221,0.0,HyPhysML,99
single_column,RH,20,0,0.985657842879416,2.7152901074855724,-0.0034199543853640213,0.0,HyPhysML,99
raw_propagated,RH,20,1,0.9755618518438419,3.544403413037545,-0.013515945420938147,0.0,HyPhysML,99
single_column,RH,20,1,0.9854063586662405,2.738992440436168,-0.003671438598539578,0.0,HyPhysML,99
raw_propagated,RH,20,2,0.9766668777755155,3.463342380924815,-0.012410919489264538,0.0,HyPhysML,99
single_column,RH,20,2,0.9857430847609927,2.7072089878165717,-0.0033347125037873626,0.0,HyPhysML,99
raw_propagated,RH,20,3,0.9754632418486059,3.55154719765981,-0.013614555416174179,0.0,HyPhysML,99
single_column,RH,20,3,0.9855843273624567,2.7222402757275486,-0.003493469902323354,0.0,HyPhysML,99
raw_propagated,RH,20,4,0.976529760172726,3.4735036781241644,-0.012548037092054098,0.0,HyPhysML,99
single_column,RH,20,4,0.985974208389739,2.685175589359882,-0.00310358887504103,0.0,HyPhysML,99
raw_propagated,Aging,5,0,0.9882440703091493,2.4583147638528398,-0.0008337269556307758,12.612612612612612,HyPhysML,99
single_column,Aging,5,0,0.9889001648051422,2.3887311045873707,-0.00017763245963786645,0.0,HyPhysML,99
raw_propagated,Aging,5,1,0.9881038414466452,2.47293312125438,-0.000973955818134864,10.96096096096096,HyPhysML,99
single_column,Aging,5,1,0.9887756648775359,2.402090202265227,-0.00030213238724419167,0.0,HyPhysML,99
raw_propagated,Aging,5,2,0.988275901992379,2.4549843024632403,-0.0008018952724010431,11.336336336336336,HyPhysML,99
single_column,Aging,5,2,0.9887650967006341,2.4032207699692645,-0.0003127005641460068,0.0,HyPhysML,99
raw_propagated,Aging,5,3,0.9880365217831867,2.4799203418707743,-0.0010412754815933845,12.462462462462462,HyPhysML,99
single_column,Aging,5,3,0.9886307246133937,2.417549596247003,-0.00044707265138632657,0.0,HyPhysML,99
raw_propagated,Aging,5,4,0.9878892482052053,2.495137889455363,-0.0011885490595747727,11.486486486486488,HyPhysML,99
single_column,Aging,5,4,0.9886410574840347,2.4164507616799407,-0.00043673978074532105,0.0,HyPhysML,99
raw_propagated,Aging,10,0,0.9871033278874946,2.57482566028584,-0.001974469377285515,12.012012012012011,HyPhysML,99
single_column,Aging,10,0,0.9886269896652295,2.41794666117295,-0.00045080759955051786,0.0,HyPhysML,99
raw_propagated,Aging,10,1,0.9873245817128415,2.5526434030030702,-0.001753215551938525,12.462462462462462,HyPhysML,99
single_column,Aging,10,1,0.988719931979766,2.408046442544929,-0.00035786528501402515,0.0,HyPhysML,99
raw_propagated,Aging,10,2,0.9869969531385991,2.585422733609921,-0.002080844126180925,11.936936936936938,HyPhysML,99
single_column,Aging,10,2,0.9885904532353437,2.4218274411063385,-0.00048734402943639843,0.0,HyPhysML,99
raw_propagated,Aging,10,3,0.986787729913005,2.606139873396446,-0.0022900673517750603,11.861861861861863,HyPhysML,99
single_column,Aging,10,3,0.9886458304796745,2.4159430154352792,-0.0004319667851055975,0.0,HyPhysML,99
raw_propagated,Aging,10,4,0.9869901295857328,2.586101015210032,-0.0020876676790472226,12.012012012012011,HyPhysML,99
single_column,Aging,10,4,0.9886507058791681,2.415424265383779,-0.00042709138561192184,0.0,HyPhysML,99
raw_propagated,Aging,15,0,0.9858251423107897,2.699406896523119,-0.003252654953990408,13.063063063063062,HyPhysML,99
single_column,Aging,15,0,0.9887001776873466,2.4101540736879956,-0.0003776195774334301,0.0,HyPhysML,99
raw_propagated,Aging,15,1,0.9853622456447275,2.743128970213669,-0.0037155516200525485,13.513513513513514,HyPhysML,99
single_column,Aging,15,1,0.9883845308154819,2.443584591165658,-0.0006932664492981244,0.0,HyPhysML,99
raw_propagated,Aging,15,2,0.9861729367350496,2.6660848950520375,-0.002904860529730491,12.762762762762764,HyPhysML,99
single_column,Aging,15,2,0.9886187685921928,2.4188204195073117,-0.00045902867258729163,0.0,HyPhysML,99
raw_propagated,Aging,15,3,0.985812928331022,2.700569638422115,-0.0032648689337581027,12.387387387387387,HyPhysML,99
single_column,Aging,15,3,0.9885791562777024,2.423026108924013,-0.0004986409870776365,0.0,HyPhysML,99
raw_propagated,Aging,15,4,0.985726497457891,2.708783390186907,-0.0033512998068890854,12.612612612612612,HyPhysML,99
single_column,Aging,15,4,0.9885574896672684,2.425323394861984,-0.0005203075975116489,0.0,HyPhysML,99
raw_propagated,Aging,20,0,0.9841913632239946,2.8507308128289224,-0.004886434040785481,11.936936936936938,HyPhysML,99
single_column,Aging,20,0,0.9883659573632406,2.4455374900192672,-0.0007118399015394461,0.0,HyPhysML,99
raw_propagated,Aging,20,1,0.9845655973745331,2.816786379034919,-0.004512199890246982,13.138138138138139,HyPhysML,99
single_column,Aging,20,1,0.9883851991890004,2.443514286182701,-0.0006925980757797046,0.0,HyPhysML,99
raw_propagated,Aging,20,2,0.9843717254203901,2.8344220367960102,-0.004706071844389981,12.537537537537538,HyPhysML,99
single_column,Aging,20,2,0.9886679367594252,2.4135899796993616,-0.0004098605053548532,0.0,HyPhysML,99
raw_propagated,Aging,20,3,0.9837236132349941,2.892597456384729,-0.0053541840297859356,12.162162162162163,HyPhysML,99
single_column,Aging,20,3,0.9883339456944655,2.448899690103107,-0.0007438515703145354,0.0,HyPhysML,99
raw_propagated,Aging,20,4,0.9843894651267594,2.832812899099109,-0.004688332138020668,11.336336336336336,HyPhysML,99
single_column,Aging,20,4,0.9885235060182385,2.42892226567772,-0.000554291246541605,0.0,HyPhysML,99
raw_propagated,SDD,5,0,0.9876240849469615,2.5223053395759023,-0.00024589876696090585,0.0,HyPhysML-MC,99
single_column,SDD,5,0,0.9876240849469615,2.5223053395759023,-0.00024589876696090585,0.0,HyPhysML-MC,99
raw_propagated,SDD,5,1,0.9875844165968274,2.5263444608199688,-0.00028556711709504246,0.0,HyPhysML-MC,99
single_column,SDD,5,1,0.9875844165968274,2.5263444608199688,-0.00028556711709504246,0.0,HyPhysML-MC,99
raw_propagated,SDD,5,2,0.9875710264354313,2.5277064203430375,-0.00029895727849116316,0.0,HyPhysML-MC,99
single_column,SDD,5,2,0.9875710264354313,2.5277064203430375,-0.00029895727849116316,0.0,HyPhysML-MC,99
raw_propagated,SDD,5,3,0.9876795527084613,2.516646616766733,-0.00019043100546112246,0.0,HyPhysML-MC,99
single_column,SDD,5,3,0.9876795527084613,2.516646616766733,-0.00019043100546112246,0.0,HyPhysML-MC,99
raw_propagated,SDD,5,4,0.9876024524274454,2.5245088128672357,-0.0002675312864770518,0.0,HyPhysML-MC,99
single_column,SDD,5,4,0.9876024524274454,2.5245088128672357,-0.0002675312864770518,0.0,HyPhysML-MC,99
raw_propagated,SDD,10,0,0.987670854363235,2.517534847452697,-0.00019912935068744364,0.0,HyPhysML-MC,99
single_column,SDD,10,0,0.987670854363235,2.517534847452697,-0.00019912935068744364,0.0,HyPhysML-MC,99
raw_propagated,SDD,10,1,0.9876928800180841,2.51528509136635,-0.00017710369583834318,0.0,HyPhysML-MC,99
single_column,SDD,10,1,0.9876928800180841,2.51528509136635,-0.00017710369583834318,0.0,HyPhysML-MC,99
raw_propagated,SDD,10,2,0.9875886771768863,2.5259109485125606,-0.0002813065370361745,0.0,HyPhysML-MC,99
single_column,SDD,10,2,0.9875886771768863,2.5259109485125606,-0.0002813065370361745,0.0,HyPhysML-MC,99
raw_propagated,SDD,10,3,0.9874404653369382,2.5409479791572744,-0.0004295183769842392,0.0,HyPhysML-MC,99
single_column,SDD,10,3,0.9874404653369382,2.5409479791572744,-0.0004295183769842392,0.0,HyPhysML-MC,99
raw_propagated,SDD,10,4,0.9874975900135072,2.5351628820337684,-0.0003723937004151967,0.0,HyPhysML-MC,99
single_column,SDD,10,4,0.9874975900135072,2.5351628820337684,-0.0003723937004151967,0.0,HyPhysML-MC,99
raw_propagated,SDD,15,0,0.9867906853276946,2.6058483771287846,-0.0010792983862277783,0.0,HyPhysML-MC,99
single_column,SDD,15,0,0.9867906853276946,2.6058483771287846,-0.0010792983862277783,0.0,HyPhysML-MC,99
raw_propagated,SDD,15,1,0.9864567947916739,2.638576735337083,-0.0014131889222485094,0.0,HyPhysML-MC,99
single_column,SDD,15,1,0.9864567947916739,2.638576735337083,-0.0014131889222485094,0.0,HyPhysML-MC,99
raw_propagated,SDD,15,2,0.9870251650040166,2.5826164988466807,-0.0008448187099058257,0.0,HyPhysML-MC,99
single_column,SDD,15,2,0.9870251650040166,2.5826164988466807,-0.0008448187099058257,0.0,HyPhysML-MC,99
raw_propagated,SDD,15,3,0.9868811452561977,2.5969103730062373,-0.0009888384577246834,0.0,HyPhysML-MC,99
single_column,SDD,15,3,0.9868811452561977,2.5969103730062373,-0.0009888384577246834,0.0,HyPhysML-MC,99
raw_propagated,SDD,15,4,0.9874873180995809,2.536204106419949,-0.00038266561434152635,0.0,HyPhysML-MC,99
single_column,SDD,15,4,0.9874873180995809,2.536204106419949,-0.00038266561434152635,0.0,HyPhysML-MC,99
raw_propagated,SDD,20,0,0.980849675658917,3.13759631533598,-0.00702030805500542,0.0,HyPhysML-MC,99
single_column,SDD,20,0,0.980849675658917,3.13759631533598,-0.00702030805500542,0.0,HyPhysML-MC,99
raw_propagated,SDD,20,1,0.9832334475386891,2.9358298744548708,-0.004636536175233297,0.0,HyPhysML-MC,99
single_column,SDD,20,1,0.9832334475386891,2.9358298744548708,-0.004636536175233297,0.0,HyPhysML-MC,99
raw_propagated,SDD,20,2,0.9832244139773809,2.9366206580076506,-0.0046455697365415105,0.0,HyPhysML-MC,99
single_column,SDD,20,2,0.9832244139773809,2.9366206580076506,-0.0046455697365415105,0.0,HyPhysML-MC,99
raw_propagated,SDD,20,3,0.9821604818573056,3.0283115935174547,-0.005709501856616783,0.07507507507507508,HyPhysML-MC,99
single_column,SDD,20,3,0.9821604818573056,3.0283115935174547,-0.005709501856616783,0.0,HyPhysML-MC,99
raw_propagated,SDD,20,4,0.9828792823663841,2.9666750673821087,-0.004990701347538318,0.0,HyPhysML-MC,99
single_column,SDD,20,4,0.9828792823663841,2.9666750673821087,-0.004990701347538318,0.0,HyPhysML-MC,99
raw_propagated,RH,5,0,0.9875917364557709,2.5255996222185813,-0.0002782472581515094,0.0,HyPhysML-MC,99
single_column,RH,5,0,0.9875917364557709,2.5255996222185813,-0.0002782472581515094,0.0,HyPhysML-MC,99
raw_propagated,RH,5,1,0.9875302744322101,2.5318469393275764,-0.0003397092817123415,0.0,HyPhysML-MC,99
single_column,RH,5,1,0.9875302744322101,2.5318469393275764,-0.0003397092817123415,0.0,HyPhysML-MC,99
raw_propagated,RH,5,2,0.9874601237802975,2.538958628249928,-0.00040985993362496753,0.0,HyPhysML-MC,99
single_column,RH,5,2,0.9874601237802975,2.538958628249928,-0.00040985993362496753,0.0,HyPhysML-MC,99
raw_propagated,RH,5,3,0.987546389023741,2.530210461087694,-0.00032359469018139464,0.0,HyPhysML-MC,99
single_column,RH,5,3,0.987546389023741,2.530210461087694,-0.00032359469018139464,0.0,HyPhysML-MC,99
raw_propagated,RH,5,4,0.9876104559887262,2.52369379994234,-0.00025952772519621803,0.0,HyPhysML-MC,99
single_column,RH,5,4,0.9876104559887262,2.52369379994234,-0.00025952772519621803,0.0,HyPhysML-MC,99
raw_propagated,RH,10,0,0.9864300052743301,2.641185101486493,-0.0014399784395923154,0.0,HyPhysML-MC,99
single_column,RH,10,0,0.9864300052743301,2.641185101486493,-0.0014399784395923154,0.0,HyPhysML-MC,99
raw_propagated,RH,10,1,0.987278828351935,2.557246281129779,-0.0005911553619873944,0.0,HyPhysML-MC,99
single_column,RH,10,1,0.987278828351935,2.557246281129779,-0.0005911553619873944,0.0,HyPhysML-MC,99
raw_propagated,RH,10,2,0.9876019272117003,2.524562287061499,-0.00026805650222216926,0.0,HyPhysML-MC,99
single_column,RH,10,2,0.9876019272117003,2.524562287061499,-0.00026805650222216926,0.0,HyPhysML-MC,99
raw_propagated,RH,10,3,0.9874633880019745,2.5386281519734735,-0.0004065957119478991,0.0,HyPhysML-MC,99
single_column,RH,10,3,0.9874633880019745,2.5386281519734735,-0.0004065957119478991,0.0,HyPhysML-MC,99
raw_propagated,RH,10,4,0.9872792941116273,2.5571994665290427,-0.0005906896022951358,0.0,HyPhysML-MC,99
single_column,RH,10,4,0.9872792941116273,2.5571994665290427,-0.0005906896022951358,0.0,HyPhysML-MC,99
raw_propagated,RH,15,0,0.9825138621325318,2.998167889199926,-0.005356121581390649,0.0,HyPhysML-MC,99
single_column,RH,15,0,0.9825138621325318,2.998167889199926,-0.005356121581390649,0.0,HyPhysML-MC,99
raw_propagated,RH,15,1,0.9808402058889806,3.1383719847836287,-0.007029777824941852,0.0,HyPhysML-MC,99
single_column,RH,15,1,0.9808402058889806,3.1383719847836287,-0.007029777824941852,0.0,HyPhysML-MC,99
raw_propagated,RH,15,2,0.9826904466590449,2.9829909109807335,-0.005179537054877503,0.0,HyPhysML-MC,99
single_column,RH,15,2,0.9826904466590449,2.9829909109807335,-0.005179537054877503,0.0,HyPhysML-MC,99
raw_propagated,RH,15,3,0.9833102810006593,2.9290953657233185,-0.004559702713263114,0.0,HyPhysML-MC,99
single_column,RH,15,3,0.9833102810006593,2.9290953657233185,-0.004559702713263114,0.0,HyPhysML-MC,99
raw_propagated,RH,15,4,0.9831547738932903,2.9427097063412,-0.004715209820632116,0.0,HyPhysML-MC,99
single_column,RH,15,4,0.9831547738932903,2.9427097063412,-0.004715209820632116,0.0,HyPhysML-MC,99
raw_propagated,RH,20,0,0.9770041555455764,3.4382201450045526,-0.010865828168346026,0.0,HyPhysML-MC,99
single_column,RH,20,0,0.9770041555455764,3.4382201450045526,-0.010865828168346026,0.0,HyPhysML-MC,99
raw_propagated,RH,20,1,0.9770682088806412,3.4334283436019613,-0.010801774833281264,0.0,HyPhysML-MC,99
single_column,RH,20,1,0.9770682088806412,3.4334283436019613,-0.010801774833281264,0.0,HyPhysML-MC,99
raw_propagated,RH,20,2,0.9779698762252248,3.365251046640184,-0.00990010748869763,0.0,HyPhysML-MC,99
single_column,RH,20,2,0.9779698762252248,3.365251046640184,-0.00990010748869763,0.0,HyPhysML-MC,99
raw_propagated,RH,20,3,0.9752982851560854,3.563465441402853,-0.012571698557837019,0.0,HyPhysML-MC,99
single_column,RH,20,3,0.9752982851560854,3.563465441402853,-0.012571698557837019,0.0,HyPhysML-MC,99
raw_propagated,RH,20,4,0.9770388329054612,3.4356267768829194,-0.010831150808461198,0.0,HyPhysML-MC,99
single_column,RH,20,4,0.9770388329054612,3.4356267768829194,-0.010831150808461198,0.0,HyPhysML-MC,99
raw_propagated,Aging,5,0,0.9879217415722259,2.4917883911181207,5.175785830346946e-05,12.612612612612612,HyPhysML-MC,99
single_column,Aging,5,0,0.9879217415722259,2.4917883911181207,5.175785830346946e-05,0.0,HyPhysML-MC,99
raw_propagated,Aging,5,1,0.987840949701914,2.5001083287250956,-2.903401200837763e-05,10.96096096096096,HyPhysML-MC,99
single_column,Aging,5,1,0.987840949701914,2.5001083287250956,-2.903401200837763e-05,0.0,HyPhysML-MC,99
raw_propagated,Aging,5,2,0.9879067099307836,2.4933384499915623,3.672621686112709e-05,11.336336336336336,HyPhysML-MC,99
single_column,Aging,5,2,0.9879067099307836,2.4933384499915623,3.672621686112709e-05,0.0,HyPhysML-MC,99
raw_propagated,Aging,5,3,0.9878013265681896,2.50417861181097,-6.86571457327867e-05,12.462462462462462,HyPhysML-MC,99
single_column,Aging,5,3,0.9878013265681896,2.50417861181097,-6.86571457327867e-05,0.0,HyPhysML-MC,99
raw_propagated,Aging,5,4,0.9877984066317643,2.504478300333473,-7.157708215810299e-05,11.486486486486488,HyPhysML-MC,99
single_column,Aging,5,4,0.9877984066317643,2.504478300333473,-7.157708215810299e-05,0.0,HyPhysML-MC,99
raw_propagated,Aging,10,0,0.9878069327798531,2.503603116090877,-6.305093406933082e-05,12.012012012012011,HyPhysML-MC,99
single_column,Aging,10,0,0.9878069327798531,2.503603116090877,-6.305093406933082e-05,0.0,HyPhysML-MC,99
raw_propagated,Aging,10,1,0.987807692964877,2.5035250704594723,-6.229074904540166e-05,12.462462462462462,HyPhysML-MC,99
single_column,Aging,10,1,0.987807692964877,2.5035250704594723,-6.229074904540166e-05,0.0,HyPhysML-MC,99
raw_propagated,Aging,10,2,0.9877547543672979,2.5089542953687767,-0.00011522934662455686,11.936936936936938,HyPhysML-MC,99
single_column,Aging,10,2,0.9877547543672979,2.5089542953687767,-0.00011522934662455686,0.0,HyPhysML-MC,99
raw_propagated,Aging,10,3,0.9877464196683025,2.5098080071832203,-0.0001235640456199727,11.861861861861863,HyPhysML-MC,99
single_column,Aging,10,3,0.9877464196683025,2.5098080071832203,-0.0001235640456199727,0.0,HyPhysML-MC,99
raw_propagated,Aging,10,4,0.987788545797645,2.5054901049690894,-8.143791627746033e-05,12.012012012012011,HyPhysML-MC,99
single_column,Aging,10,4,0.987788545797645,2.5054901049690894,-8.143791627746033e-05,0.0,HyPhysML-MC,99
raw_propagated,Aging,15,0,0.9871696248484871,2.568199025881163,-0.000700358865435291,13.063063063063062,HyPhysML-MC,99
single_column,Aging,15,0,0.9871696248484871,2.568199025881163,-0.000700358865435291,0.0,HyPhysML-MC,99
raw_propagated,Aging,15,1,0.9872481234652365,2.5603306131394317,-0.0006218602486859348,13.513513513513514,HyPhysML-MC,99
single_column,Aging,15,1,0.9872481234652365,2.5603306131394317,-0.0006218602486859348,0.0,HyPhysML-MC,99
raw_propagated,Aging,15,2,0.9871671709702948,2.5684446050716603,-0.000702812743627601,12.762762762762764,HyPhysML-MC,99
single_column,Aging,15,2,0.9871671709702948,2.5684446050716603,-0.000702812743627601,0.0,HyPhysML-MC,99
raw_propagated,Aging,15,3,0.9875260301469739,2.5322777814618287,-0.0003439535669484961,12.387387387387387,HyPhysML-MC,99
single_column,Aging,15,3,0.9875260301469739,2.5322777814618287,-0.0003439535669484961,0.0,HyPhysML-MC,99
raw_propagated,Aging,15,4,0.9876358081691807,2.5211104157374593,-0.00023417554474169933,12.612612612612612,HyPhysML-MC,99
single_column,Aging,15,4,0.9876358081691807,2.5211104157374593,-0.00023417554474169933,0.0,HyPhysML-MC,99
raw_propagated,Aging,20,0,0.9856692474056168,2.714210327249988,-0.0022007363083056397,11.936936936936938,HyPhysML-MC,99
single_column,Aging,20,0,0.9856692474056168,2.714210327249988,-0.0022007363083056397,0.0,HyPhysML-MC,99
raw_propagated,Aging,20,1,0.9863462899692398,2.649319506011726,-0.0015236937446826415,13.138138138138139,HyPhysML-MC,99
single_column,Aging,20,1,0.9863462899692398,2.649319506011726,-0.0015236937446826415,0.0,HyPhysML-MC,99
raw_propagated,Aging,20,2,0.986111401253592,2.672010834968087,-0.001758582460330449,12.537537537537538,HyPhysML-MC,99
single_column,Aging,20,2,0.986111401253592,2.672010834968087,-0.001758582460330449,0.0,HyPhysML-MC,99
raw_propagated,Aging,20,3,0.9851952960284114,2.758727876100831,-0.0026746876855110457,12.162162162162163,HyPhysML-MC,99
single_column,Aging,20,3,0.9851952960284114,2.758727876100831,-0.0026746876855110457,0.0,HyPhysML-MC,99
raw_propagated,Aging,20,4,0.9859788440735582,2.684731812136197,-0.0018911396403642478,11.336336336336336,HyPhysML-MC,99
single_column,Aging,20,4,0.9859788440735582,2.684731812136197,-0.0018911396403642478,0.0,HyPhysML-MC,99
raw_propagated,SDD,5,0,0.9855675324203916,2.6559013908827165,-0.0028560799007231186,0.0,HyPhysML,2024
single_column,SDD,5,0,0.9884214187559295,2.3788624152349747,-2.19356518527114e-06,0.0,HyPhysML,2024
raw_propagated,SDD,5,1,0.9854965363020307,2.662425825039324,-0.0029270760190840406,0.0,HyPhysML,2024
single_column,SDD,5,1,0.9884260439885263,2.378387232188783,2.431667411539884e-06,0.0,HyPhysML,2024
raw_propagated,SDD,5,2,0.9847500195128344,2.7300857936743332,-0.0036735928082803904,0.0,HyPhysML,2024
single_column,SDD,5,2,0.9884167314695549,2.3793438766891573,-6.880851559865064e-06,0.0,HyPhysML,2024
raw_propagated,SDD,5,3,0.9856657832679773,2.6468457604890165,-0.002757829053137484,0.0,HyPhysML,2024
single_column,SDD,5,3,0.988415751712965,2.3794445015060526,-7.860608149723447e-06,0.0,HyPhysML,2024
raw_propagated,SDD,5,4,0.9853214544095265,2.6784476596406974,-0.003102157911588299,0.0,HyPhysML,2024
single_column,SDD,5,4,0.9884084589295341,2.380193365082914,-1.5153391580646769e-05,0.0,HyPhysML,2024
raw_propagated,SDD,10,0,0.9812052403067316,3.03081926913477,-0.007218372014383134,0.0,HyPhysML,2024
single_column,SDD,10,0,0.9884135233943472,2.3796733426616514,-1.0088926767570783e-05,0.0,HyPhysML,2024
raw_propagated,SDD,10,1,0.9809855292199978,3.048482963417089,-0.007438083101116932,0.0,HyPhysML,2024
single_column,SDD,10,1,0.9884350932803365,2.3774572593816976,1.148095922176573e-05,0.0,HyPhysML,2024
raw_propagated,SDD,10,2,0.9810573722281271,3.042718420825679,-0.007366240092987697,0.0,HyPhysML,2024
single_column,SDD,10,2,0.9884383737917204,2.3771200396808023,1.4761470605639815e-05,0.0,HyPhysML,2024
raw_propagated,SDD,10,3,0.9798817826658947,3.135713666539583,-0.008541829655220101,0.0,HyPhysML,2024
single_column,SDD,10,3,0.9884238704778365,2.3786105442263548,2.58156721777425e-07,0.0,HyPhysML,2024
raw_propagated,SDD,10,4,0.9798187753597467,3.1406201256246793,-0.008604836961368045,0.0,HyPhysML,2024
single_column,SDD,10,4,0.9884112744357082,2.3799042811700084,-1.2337885406554783e-05,0.0,HyPhysML,2024
raw_propagated,SDD,15,0,0.974838561389624,3.5067869785712245,-0.01358505093149076,0.0,HyPhysML,2024
single_column,SDD,15,0,0.9884280198421259,2.3781842097498997,4.407521011162707e-06,0.0,HyPhysML,2024
raw_propagated,SDD,15,1,0.9750855976745046,3.4895296091378674,-0.013338014646610108,0.0,HyPhysML,2024
single_column,SDD,15,1,0.9884103637108668,2.3799977942727075,-1.3248610247984516e-05,0.0,HyPhysML,2024
raw_propagated,SDD,15,2,0.9747418935983866,3.513516887498822,-0.013681718722728164,0.0,HyPhysML,2024
single_column,SDD,15,2,0.9884235569884923,2.378642751191996,-5.5332622483916793e-08,0.0,HyPhysML,2024
raw_propagated,SDD,15,3,0.9748448055512072,3.5063518225464065,-0.013578806769907525,0.0,HyPhysML,2024
single_column,SDD,15,3,0.9884303567413222,2.377944066865908,6.744420207427382e-06,0.0,HyPhysML,2024
raw_propagated,SDD,15,4,0.973564479969487,3.594475933191742,-0.014859132351627724,0.0,HyPhysML,2024
single_column,SDD,15,4,0.9884260818198832,2.37838334511293,2.4694987684759084e-06,0.0,HyPhysML,2024
raw_propagated,SDD,20,0,0.9689189227894573,3.897531933664593,-0.019504689531657404,0.0,HyPhysML,2024
single_column,SDD,20,0,0.9883886960173298,2.382221547503058,-3.49163037849376e-05,0.0,HyPhysML,2024
raw_propagated,SDD,20,1,0.9708062459294662,3.777344749381097,-0.01761736639164857,0.0,HyPhysML,2024
single_column,SDD,20,1,0.9884530173901337,2.375614169321914,2.9405069018939578e-05,0.0,HyPhysML,2024
raw_propagated,SDD,20,2,0.9682145236806425,3.941449922176434,-0.020209088640472217,0.0,HyPhysML,2024
single_column,SDD,20,2,0.9884181856282982,2.3791945210781096,-5.426692816556944e-06,0.0,HyPhysML,2024
raw_propagated,SDD,20,3,0.9686754516457367,3.912767657954568,-0.0197481606753781,0.0,HyPhysML,2024
single_column,SDD,20,3,0.9884257136944601,2.3784211687954526,2.1013733453312256e-06,0.0,HyPhysML,2024
raw_propagated,SDD,20,4,0.967945437217853,3.958098337262509,-0.020478175103261775,0.0,HyPhysML,2024
single_column,SDD,20,4,0.9884055354142224,2.3804935017517987,-1.8076906892372513e-05,0.0,HyPhysML,2024
raw_propagated,RH,5,0,0.9874398985499238,2.477640119211447,-0.0009837137711909971,0.0,HyPhysML,2024
single_column,RH,5,0,0.9882149003402074,2.399983637493932,-0.0002087119809073279,0.0,HyPhysML,2024
raw_propagated,RH,5,1,0.9871518070198744,2.5058938866572555,-0.0012718053012403807,0.0,HyPhysML,2024
single_column,RH,5,1,0.9881010548210134,2.411547845968153,-0.0003225575001013503,0.0,HyPhysML,2024
raw_propagated,RH,5,2,0.9869144343350243,2.528936366225148,-0.0015091779860904042,0.0,HyPhysML,2024
single_column,RH,5,2,0.987976355088282,2.4241512991250977,-0.0004472572328327873,0.0,HyPhysML,2024
raw_propagated,RH,5,3,0.9870237738371787,2.5183486433577347,-0.0013998384839361,0.0,HyPhysML,2024
single_column,RH,5,3,0.9880387473014526,2.4178535047405507,-0.0003848650196621728,0.0,HyPhysML,2024
raw_propagated,RH,5,4,0.9871705337549265,2.5040670024026728,-0.0012530785661882815,0.0,HyPhysML,2024
single_column,RH,5,4,0.9881064316348992,2.411002927537254,-0.00031718068621555684,0.0,HyPhysML,2024
raw_propagated,RH,10,0,0.9856151168236355,2.651519471309663,-0.002808495497479302,0.0,HyPhysML,2024
single_column,RH,10,0,0.9877417848113459,2.4476835637700196,-0.000681827509768862,0.0,HyPhysML,2024
raw_propagated,RH,10,1,0.9861236331300031,2.6042312007173716,-0.0022999791911116896,0.0,HyPhysML,2024
single_column,RH,10,1,0.9879319209592123,2.4286264694682043,-0.0004916913619024132,0.0,HyPhysML,2024
raw_propagated,RH,10,2,0.9859359015994231,2.6217881683356534,-0.002487710721691627,0.0,HyPhysML,2024
single_column,RH,10,2,0.9878958636691064,2.4322519170524814,-0.0005277486520083308,0.0,HyPhysML,2024
raw_propagated,RH,10,3,0.9858418842798741,2.6305367888693207,-0.002581728041240683,0.0,HyPhysML,2024
single_column,RH,10,3,0.9878111975082464,2.4407436661118025,-0.0006124148128683338,0.0,HyPhysML,2024
raw_propagated,RH,10,4,0.9863711474429792,2.5809007133939024,-0.002052464878135596,0.0,HyPhysML,2024
single_column,RH,10,4,0.9881111000262429,2.410529704970499,-0.0003125122948718362,0.0,HyPhysML,2024
raw_propagated,RH,15,0,0.9835036121874464,2.8394621244606744,-0.004920000133668334,0.0,HyPhysML,2024
single_column,RH,15,0,0.9871845672349723,2.5026970939216087,-0.0012390450861424762,0.0,HyPhysML,2024
raw_propagated,RH,15,1,0.983234949191344,2.86249072434686,-0.005188663129770732,0.0,HyPhysML,2024
single_column,RH,15,1,0.9874646062102608,2.4752019690871756,-0.0009590061108539771,0.0,HyPhysML,2024
raw_propagated,RH,15,2,0.9837873684459753,2.814935237695768,-0.004636243875139501,0.0,HyPhysML,2024
single_column,RH,15,2,0.9875568237910768,2.4660806566461106,-0.0008667885300379652,0.0,HyPhysML,2024
raw_propagated,RH,15,3,0.9813652277354398,3.017892014440756,-0.007058384585674982,0.0,HyPhysML,2024
single_column,RH,15,3,0.9868072922472609,2.53926848159535,-0.0016163200738538164,0.0,HyPhysML,2024
raw_propagated,RH,15,4,0.980580691827479,3.0807646897669443,-0.007842920493635774,0.0,HyPhysML,2024
single_column,RH,15,4,0.9863614649935085,2.581817335092539,-0.002062147327606234,0.0,HyPhysML,2024
raw_propagated,RH,20,0,0.9768185574976297,3.3659827009986563,-0.011605054823485061,0.0,HyPhysML,2024
single_column,RH,20,0,0.9858322384066532,2.631432723913484,-0.0025913739144615144,0.0,HyPhysML,2024
raw_propagated,RH,20,1,0.9756993750820052,3.4462785117822134,-0.012724237239109537,0.0,HyPhysML,2024
single_column,RH,20,1,0.9853916318854595,2.672037218674643,-0.003031980435655224,0.0,HyPhysML,2024
raw_propagated,RH,20,2,0.9766535725588932,3.377939503347575,-0.011770039762221574,0.0,HyPhysML,2024
single_column,RH,20,2,0.9856532148344879,2.6480059011699213,-0.0027703974866268855,0.0,HyPhysML,2024
raw_propagated,RH,20,3,0.978773787799007,3.22090489848642,-0.00964982452210772,0.0,HyPhysML,2024
single_column,RH,20,3,0.9863459317771132,2.583287159932044,-0.002077680544001592,0.0,HyPhysML,2024
raw_propagated,RH,20,4,0.9780805216475988,3.2730810394342136,-0.010343090673515909,0.0,HyPhysML,2024
single_column,RH,20,4,0.9860404388915847,2.6120262261510603,-0.0023831734295300944,0.0,HyPhysML,2024
raw_propagated,Aging,5,0,0.9879824990930945,2.4235318571618696,-0.0004411132280202068,13.213213213213212,HyPhysML,2024
single_column,Aging,5,0,0.988358177535566,2.385350139965425,-6.543478554876803e-05,0.0,HyPhysML,2024
raw_propagated,Aging,5,1,0.9880814320971948,2.4135354861841996,-0.0003421802239199634,12.912912912912914,HyPhysML,2024
single_column,Aging,5,1,0.9883647712858847,2.3846745313566147,-5.884103523001727e-05,0.0,HyPhysML,2024
raw_propagated,Aging,5,2,0.9879039185740102,2.4314424905131755,-0.0005196937471045882,13.213213213213212,HyPhysML,2024
single_column,Aging,5,2,0.9882992866840214,2.3913757471523054,-0.00012432563709330324,0.0,HyPhysML,2024
raw_propagated,Aging,5,3,0.98796058382473,2.425740642474797,-0.0004630284963847986,12.012012012012011,HyPhysML,2024
single_column,Aging,5,3,0.9883038074384302,2.3909137297267744,-0.00011980488268459322,0.0,HyPhysML,2024
raw_propagated,Aging,5,4,0.9879416544871649,2.4276468656717345,-0.00048195783394988645,11.636636636636636,HyPhysML,2024
single_column,Aging,5,4,0.9883620721254819,2.384951115770018,-6.154019563286983e-05,0.0,HyPhysML,2024
raw_propagated,Aging,10,0,0.9870927687336092,2.5116446610071295,-0.0013308435875055702,12.162162162162163,HyPhysML,2024
single_column,Aging,10,0,0.9883063854574426,2.39065021830169,-0.00011722686367210411,0.0,HyPhysML,2024
raw_propagated,Aging,10,1,0.987082840493907,2.5126104536057943,-0.0013407718272077096,12.162162162162163,HyPhysML,2024
single_column,Aging,10,1,0.9883545792571986,2.3857187459423383,-6.903306391614628e-05,0.0,HyPhysML,2024
raw_propagated,Aging,10,2,0.9868409906364841,2.536023356639104,-0.0015826216846306362,11.936936936936938,HyPhysML,2024
single_column,Aging,10,2,0.98823434364321,2.3980030487439676,-0.00018926867790480806,0.0,HyPhysML,2024
raw_propagated,Aging,10,3,0.9867701019553354,2.5428450663861804,-0.0016535103657793204,12.687687687687689,HyPhysML,2024
single_column,Aging,10,3,0.9882947105978461,2.3918433285492355,-0.00012890172326862626,0.0,HyPhysML,2024
raw_propagated,Aging,10,4,0.9872014349240205,2.501049525046976,-0.0012221773970942928,12.987987987987987,HyPhysML,2024
single_column,Aging,10,4,0.9882625269860433,2.3951292497437624,-0.0001610853350714203,0.0,HyPhysML,2024
raw_propagated,Aging,15,0,0.9858887355051794,2.6261807714040186,-0.0025348768159353385,12.762762762762764,HyPhysML,2024
single_column,Aging,15,0,0.9883103672053539,2.390243168072119,-0.00011324511576082941,0.0,HyPhysML,2024
raw_propagated,Aging,15,1,0.9855323339303341,2.65913807891297,-0.002891278390780627,11.711711711711711,HyPhysML,2024
single_column,Aging,15,1,0.9880670380019367,2.4149924639522364,-0.00035657431917801574,0.0,HyPhysML,2024
raw_propagated,Aging,15,2,0.9854150113057948,2.66989818111965,-0.003008601015319967,13.063063063063062,HyPhysML,2024
single_column,Aging,15,2,0.9882359215261741,2.397842246196619,-0.00018769079494063146,0.0,HyPhysML,2024
raw_propagated,Aging,15,3,0.9852650981712368,2.6835844978190035,-0.003158514149878,12.462462462462462,HyPhysML,2024
single_column,Aging,15,3,0.988327748704498,2.388465461891925,-9.586361661673148e-05,0.0,HyPhysML,2024
raw_propagated,Aging,15,4,0.9856998056588,2.6437027384138774,-0.002723806662314754,12.687687687687689,HyPhysML,2024
single_column,Aging,15,4,0.9882830003690437,2.3930394557855617,-0.00014061195207104582,0.0,HyPhysML,2024
raw_propagated,Aging,20,0,0.9838884957624326,2.8061423362355224,-0.004535116558682106,13.213213213213212,HyPhysML,2024
single_column,Aging,20,0,0.9878976825880279,2.432069159888768,-0.0005259297330868495,0.0,HyPhysML,2024
raw_propagated,Aging,20,1,0.9831081224995266,2.8732976172996105,-0.005315489821588137,12.762762762762764,HyPhysML,2024
single_column,Aging,20,1,0.9875814105691076,2.4636430571992993,-0.0008422017520071101,0.0,HyPhysML,2024
raw_propagated,Aging,20,2,0.9848893105229336,2.7175890975833545,-0.0035343017981811498,14.18918918918919,HyPhysML,2024
single_column,Aging,20,2,0.9880800293817352,2.413677508445634,-0.00034358293937952755,0.0,HyPhysML,2024
raw_propagated,Aging,20,3,0.9844914101739817,2.7531368919483756,-0.003932202147133079,12.762762762762764,HyPhysML,2024
single_column,Aging,20,3,0.9881940590211964,2.4021048215178578,-0.00022955329991836138,0.0,HyPhysML,2024
raw_propagated,Aging,20,4,0.9835937089343949,2.8316974984685017,-0.004829903386719847,12.237237237237238,HyPhysML,2024
single_column,Aging,20,4,0.9878567807507068,2.4361754887176206,-0.000566831570407933,0.0,HyPhysML,2024
raw_propagated,SDD,5,0,0.9844893700837735,2.7533179678224133,-0.002483113345098986,0.0,HyPhysML-MC,2024
single_column,SDD,5,0,0.9844893700837735,2.7533179678224133,-0.002483113345098986,0.0,HyPhysML-MC,2024
raw_propagated,SDD,5,1,0.984046003858159,2.792392047008756,-0.0029264795707134583,0.0,HyPhysML-MC,2024
single_column,SDD,5,1,0.984046003858159,2.792392047008756,-0.0029264795707134583,0.0,HyPhysML-MC,2024
raw_propagated,SDD,5,2,0.9843024251743859,2.769860723345359,-0.002670058254486518,0.0,HyPhysML-MC,2024
single_column,SDD,5,2,0.9843024251743859,2.769860723345359,-0.002670058254486518,0.0,HyPhysML-MC,2024
raw_propagated,SDD,5,3,0.9844761644147962,2.7544897986929042,-0.0024963190140762093,0.0,HyPhysML-MC,2024
single_column,SDD,5,3,0.9844761644147962,2.7544897986929042,-0.0024963190140762093,0.0,HyPhysML-MC,2024
raw_propagated,SDD,5,4,0.9841824307239914,2.7804271697008356,-0.0027900527048810853,0.0,HyPhysML-MC,2024
single_column,SDD,5,4,0.9841824307239914,2.7804271697008356,-0.0027900527048810853,0.0,HyPhysML-MC,2024
raw_propagated,SDD,10,0,0.9842887912694889,2.7710633238046256,-0.002683692159383577,0.0,HyPhysML-MC,2024
single_column,SDD,10,0,0.9842887912694889,2.7710633238046256,-0.002683692159383577,0.0,HyPhysML-MC,2024
raw_propagated,SDD,10,1,0.9851118581045226,2.697502778762033,-0.0018606253243498294,0.0,HyPhysML-MC,2024
single_column,SDD,10,1,0.9851118581045226,2.697502778762033,-0.0018606253243498294,0.0,HyPhysML-MC,2024
raw_propagated,SDD,10,2,0.9844492551877703,2.756876100005702,-0.0025232282411021822,0.0,HyPhysML-MC,2024
single_column,SDD,10,2,0.9844492551877703,2.756876100005702,-0.0025232282411021822,0.0,HyPhysML-MC,2024
raw_propagated,SDD,10,3,0.9842407479738459,2.7752969062359036,-0.002731735455026585,0.0,HyPhysML-MC,2024
single_column,SDD,10,3,0.9842407479738459,2.7752969062359036,-0.002731735455026585,0.0,HyPhysML-MC,2024
raw_propagated,SDD,10,4,0.9840204140905668,2.794630609441773,-0.0029520693383056074,0.0,HyPhysML-MC,2024
single_column,SDD,10,4,0.9840204140905668,2.794630609441773,-0.0029520693383056074,0.0,HyPhysML-MC,2024
raw_propagated,SDD,15,0,0.9835541888200364,2.8351059988075016,-0.0034182946088360255,0.0,HyPhysML-MC,2024
single_column,SDD,15,0,0.9835541888200364,2.8351059988075016,-0.0034182946088360255,0.0,HyPhysML-MC,2024
raw_propagated,SDD,15,1,0.9830499199556919,2.87824346845575,-0.00392256347318054,0.0,HyPhysML-MC,2024
single_column,SDD,15,1,0.9830499199556919,2.87824346845575,-0.00392256347318054,0.0,HyPhysML-MC,2024
raw_propagated,SDD,15,2,0.9836163983887112,2.8297387406958645,-0.003356085040161272,0.0,HyPhysML-MC,2024
single_column,SDD,15,2,0.9836163983887112,2.8297387406958645,-0.003356085040161272,0.0,HyPhysML-MC,2024
raw_propagated,SDD,15,3,0.983756627229486,2.817602711880129,-0.0032158561993864687,0.0,HyPhysML-MC,2024
single_column,SDD,15,3,0.983756627229486,2.817602711880129,-0.0032158561993864687,0.0,HyPhysML-MC,2024
raw_propagated,SDD,15,4,0.9832425771577226,2.8618394448635742,-0.0037299062711498854,0.0,HyPhysML-MC,2024
single_column,SDD,15,4,0.9832425771577226,2.8618394448635742,-0.0037299062711498854,0.0,HyPhysML-MC,2024
raw_propagated,SDD,20,0,0.9798402864069559,3.1389458952194764,-0.0071321970219165864,0.0,HyPhysML-MC,2024
single_column,SDD,20,0,0.9798402864069559,3.1389458952194764,-0.0071321970219165864,0.0,HyPhysML-MC,2024
raw_propagated,SDD,20,1,0.9796237588422742,3.155757965247573,-0.007348724586598299,0.0,HyPhysML-MC,2024
single_column,SDD,20,1,0.9796237588422742,3.155757965247573,-0.007348724586598299,0.0,HyPhysML-MC,2024
raw_propagated,SDD,20,2,0.9798813229165906,3.1357494956072394,-0.007091160512281869,0.0,HyPhysML-MC,2024
single_column,SDD,20,2,0.9798813229165906,3.1357494956072394,-0.007091160512281869,0.0,HyPhysML-MC,2024
raw_propagated,SDD,20,3,0.9780845670050671,3.2727789931540756,-0.008887916423805375,0.0,HyPhysML-MC,2024
single_column,SDD,20,3,0.9780845670050671,3.2727789931540756,-0.008887916423805375,0.0,HyPhysML-MC,2024
raw_propagated,SDD,20,4,0.9786271871817849,3.2320084846057386,-0.008345296247087575,0.0,HyPhysML-MC,2024
single_column,SDD,20,4,0.9786271871817849,3.2320084846057386,-0.008345296247087575,0.0,HyPhysML-MC,2024
raw_propagated,RH,5,0,0.9847757370477541,2.72778281686952,-0.0021967463811183308,0.0,HyPhysML-MC,2024
single_column,RH,5,0,0.9847757370477541,2.72778281686952,-0.0021967463811183308,0.0,HyPhysML-MC,2024
raw_propagated,RH,5,1,0.9845556369158545,2.7474301040063924,-0.0024168465130179895,0.0,HyPhysML-MC,2024
single_column,RH,5,1,0.9845556369158545,2.7474301040063924,-0.0024168465130179895,0.0,HyPhysML-MC,2024
raw_propagated,RH,5,2,0.9842761037850162,2.7721819750966183,-0.0026963796438562726,0.0,HyPhysML-MC,2024
single_column,RH,5,2,0.9842761037850162,2.7721819750966183,-0.0026963796438562726,0.0,HyPhysML-MC,2024
raw_propagated,RH,5,3,0.9843400094308805,2.7665428368389366,-0.0026324739979919354,0.0,HyPhysML-MC,2024
single_column,RH,5,3,0.9843400094308805,2.7665428368389366,-0.0026324739979919354,0.0,HyPhysML-MC,2024
raw_propagated,RH,5,4,0.9843938101820231,2.7617864437595236,-0.00257867324684935,0.0,HyPhysML-MC,2024
single_column,RH,5,4,0.9843938101820231,2.7617864437595236,-0.00257867324684935,0.0,HyPhysML-MC,2024
raw_propagated,RH,10,0,0.9834020921630996,2.8481858562781466,-0.0035703912657728543,0.0,HyPhysML-MC,2024
single_column,RH,10,0,0.9834020921630996,2.8481858562781466,-0.0035703912657728543,0.0,HyPhysML-MC,2024
raw_propagated,RH,10,1,0.9840716361364552,2.7901479652925136,-0.0029008472924172413,0.0,HyPhysML-MC,2024
single_column,RH,10,1,0.9840716361364552,2.7901479652925136,-0.0029008472924172413,0.0,HyPhysML-MC,2024
raw_propagated,RH,10,2,0.9841858939409424,2.7801227692753256,-0.002786589487930091,0.0,HyPhysML-MC,2024
single_column,RH,10,2,0.9841858939409424,2.7801227692753256,-0.002786589487930091,0.0,HyPhysML-MC,2024
raw_propagated,RH,10,3,0.9839015068224627,2.805009038560698,-0.0030709766064097588,0.0,HyPhysML-MC,2024
single_column,RH,10,3,0.9839015068224627,2.805009038560698,-0.0030709766064097588,0.0,HyPhysML-MC,2024
raw_propagated,RH,10,4,0.9845619082987477,2.7468722326474198,-0.00241057513012477,0.0,HyPhysML-MC,2024
single_column,RH,10,4,0.9845619082987477,2.7468722326474198,-0.00241057513012477,0.0,HyPhysML-MC,2024
raw_propagated,RH,15,0,0.9809269034918788,3.053178912877523,-0.006045579936993617,0.0,HyPhysML-MC,2024
single_column,RH,15,0,0.9809269034918788,3.053178912877523,-0.006045579936993617,0.0,HyPhysML-MC,2024
raw_propagated,RH,15,1,0.9815449183693279,3.0033063638037194,-0.005427565059544559,0.0,HyPhysML-MC,2024
single_column,RH,15,1,0.9815449183693279,3.0033063638037194,-0.005427565059544559,0.0,HyPhysML-MC,2024
raw_propagated,RH,15,2,0.9821518558559896,2.9535082168835984,-0.0048206275728828185,0.0,HyPhysML-MC,2024
single_column,RH,15,2,0.9821518558559896,2.9535082168835984,-0.0048206275728828185,0.0,HyPhysML-MC,2024
raw_propagated,RH,15,3,0.9790223684414652,3.2019893107767916,-0.007950114987407275,0.0,HyPhysML-MC,2024
single_column,RH,15,3,0.9790223684414652,3.2019893107767916,-0.007950114987407275,0.0,HyPhysML-MC,2024
raw_propagated,RH,15,4,0.9776537373043689,3.3047917744803783,-0.009318746124503563,0.0,HyPhysML-MC,2024
single_column,RH,15,4,0.9776537373043689,3.3047917744803783,-0.009318746124503563,0.0,HyPhysML-MC,2024
raw_propagated,RH,20,0,0.975075365779532,3.4902460789723104,-0.011897117649340427,0.0,HyPhysML-MC,2024
single_column,RH,20,0,0.975075365779532,3.4902460789723104,-0.011897117649340427,0.0,HyPhysML-MC,2024
raw_propagated,RH,20,1,0.9742782220341938,3.545619633573189,-0.012694261394678663,0.0,HyPhysML-MC,2024
single_column,RH,20,1,0.9742782220341938,3.545619633573189,-0.012694261394678663,0.0,HyPhysML-MC,2024
raw_propagated,RH,20,2,0.9738731665575376,3.5734280277096904,-0.01309931687133481,0.0,HyPhysML-MC,2024
single_column,RH,20,2,0.9738731665575376,3.5734280277096904,-0.01309931687133481,0.0,HyPhysML-MC,2024
raw_propagated,RH,20,3,0.9761232465753993,3.4160898762752963,-0.010849236853473165,0.0,HyPhysML-MC,2024
single_column,RH,20,3,0.9761232465753993,3.4160898762752963,-0.010849236853473165,0.0,HyPhysML-MC,2024
raw_propagated,RH,20,4,0.9759701919340453,3.4270212869726864,-0.011002291494827121,0.0,HyPhysML-MC,2024
single_column,RH,20,4,0.9759701919340453,3.4270212869726864,-0.011002291494827121,0.0,HyPhysML-MC,2024
raw_propagated,Aging,5,0,0.9858687304890096,2.628041631645797,-0.0011037529398628676,13.213213213213212,HyPhysML-MC,2024
single_column,Aging,5,0,0.9858687304890096,2.628041631645797,-0.0011037529398628676,0.0,HyPhysML-MC,2024
raw_propagated,Aging,5,1,0.9857455131139118,2.639474347064613,-0.0012269703149606626,12.912912912912914,HyPhysML-MC,2024
single_column,Aging,5,1,0.9857455131139118,2.639474347064613,-0.0012269703149606626,0.0,HyPhysML-MC,2024
raw_propagated,Aging,5,2,0.985763573995797,2.6378016686787396,-0.0012089094330755001,13.213213213213212,HyPhysML-MC,2024
single_column,Aging,5,2,0.985763573995797,2.6378016686787396,-0.0012089094330755001,0.0,HyPhysML-MC,2024
raw_propagated,Aging,5,3,0.9857608835354712,2.638050908391915,-0.0012115998934012495,12.012012012012011,HyPhysML-MC,2024
single_column,Aging,5,3,0.9857608835354712,2.638050908391915,-0.0012115998934012495,0.0,HyPhysML-MC,2024
raw_propagated,Aging,5,4,0.9857859667522809,2.635726327021469,-0.0011865166765915314,11.636636636636636,HyPhysML-MC,2024
single_column,Aging,5,4,0.9857859667522809,2.635726327021469,-0.0011865166765915314,0.0,HyPhysML-MC,2024
raw_propagated,Aging,10,0,0.9858810514276009,2.6268956977803617,-0.0010914320012715972,12.162162162162163,HyPhysML-MC,2024
single_column,Aging,10,0,0.9858810514276009,2.6268956977803617,-0.0010914320012715972,0.0,HyPhysML-MC,2024
raw_propagated,Aging,10,1,0.985972447005181,2.6183796086895406,-0.0010000364236913972,12.162162162162163,HyPhysML-MC,2024
single_column,Aging,10,1,0.985972447005181,2.6183796086895406,-0.0010000364236913972,0.0,HyPhysML-MC,2024
raw_propagated,Aging,10,2,0.9855779788411926,2.6549400277030295,-0.0013945045876798678,11.936936936936938,HyPhysML-MC,2024
single_column,Aging,10,2,0.9855779788411926,2.6549400277030295,-0.0013945045876798678,0.0,HyPhysML-MC,2024
raw_propagated,Aging,10,3,0.985658526976611,2.647515621087413,-0.0013139564522614,12.687687687687689,HyPhysML-MC,2024
single_column,Aging,10,3,0.985658526976611,2.647515621087413,-0.0013139564522614,0.0,HyPhysML-MC,2024
raw_propagated,Aging,10,4,0.9855998801861826,2.65292335995957,-0.0013726032426898405,12.987987987987987,HyPhysML-MC,2024
single_column,Aging,10,4,0.9855998801861826,2.65292335995957,-0.0013726032426898405,0.0,HyPhysML-MC,2024
raw_propagated,Aging,15,0,0.9856380662180959,2.6494035328287873,-0.0013344172107765395,12.762762762762764,HyPhysML-MC,2024
single_column,Aging,15,0,0.9856380662180959,2.6494035328287873,-0.0013344172107765395,0.0,HyPhysML-MC,2024
raw_propagated,Aging,15,1,0.9849827350218587,2.7091750855380075,-0.001989748407013714,11.711711711711711,HyPhysML-MC,2024
single_column,Aging,15,1,0.9849827350218587,2.7091750855380075,-0.001989748407013714,0.0,HyPhysML-MC,2024
raw_propagated,Aging,15,2,0.9854005192883384,2.6712242913154953,-0.0015719641405340656,13.063063063063062,HyPhysML-MC,2024
single_column,Aging,15,2,0.9854005192883384,2.6712242913154953,-0.0015719641405340656,0.0,HyPhysML-MC,2024
raw_propagated,Aging,15,3,0.9855152985936422,2.6607031546270714,-0.001457184835230274,12.462462462462462,HyPhysML-MC,2024
single_column,Aging,15,3,0.9855152985936422,2.6607031546270714,-0.001457184835230274,0.0,HyPhysML-MC,2024
raw_propagated,Aging,15,4,0.9857254318205995,2.6413328988484577,-0.0012470516082729866,12.687687687687689,HyPhysML-MC,2024
single_column,Aging,15,4,0.9857254318205995,2.6413328988484577,-0.0012470516082729866,0.0,HyPhysML-MC,2024
raw_propagated,Aging,20,0,0.9840857772105516,2.788909154751272,-0.002886706218320878,13.213213213213212,HyPhysML-MC,2024
single_column,Aging,20,0,0.9840857772105516,2.788909154751272,-0.002886706218320878,0.0,HyPhysML-MC,2024
raw_propagated,Aging,20,1,0.982384026547936,2.9342355508201434,-0.004588456880936453,12.762762762762764,HyPhysML-MC,2024
single_column,Aging,20,1,0.982384026547936,2.9342355508201434,-0.004588456880936453,0.0,HyPhysML-MC,2024
raw_propagated,Aging,20,2,0.9841011771178251,2.787559439524654,-0.0028713063110473724,14.18918918918919,HyPhysML-MC,2024
single_column,Aging,20,2,0.9841011771178251,2.787559439524654,-0.0028713063110473724,0.0,HyPhysML-MC,2024
raw_propagated,Aging,20,3,0.9844959024496176,2.7527381211484636,-0.00247658097925485,12.762762762762764,HyPhysML-MC,2024
single_column,Aging,20,3,0.9844959024496176,2.7527381211484636,-0.00247658097925485,0.0,HyPhysML-MC,2024
raw_propagated,Aging,20,4,0.9831526762213869,2.869505835491238,-0.003819807207485537,12.237237237237238,HyPhysML-MC,2024
single_column,Aging,20,4,0.9831526762213869,2.869505835491238,-0.003819807207485537,0.0,HyPhysML-MC,2024
raw_propagated,SDD,5,0,0.9849554565506917,2.6098018611673264,-0.002817166850228481,0.0,HyPhysML,17
single_column,SDD,5,0,0.9877962940101184,2.3505197146025956,2.3670609198167547e-05,0.0,HyPhysML,17
raw_propagated,SDD,5,1,0.9852025558888863,2.5882807612366476,-0.0025700675120339245,0.0,HyPhysML,17
single_column,SDD,5,1,0.9877794725359021,2.3521391239472087,6.849134981945504e-06,0.0,HyPhysML,17
raw_propagated,SDD,5,2,0.9849034544973577,2.614308411405292,-0.00286916890356248,0.0,HyPhysML,17
single_column,SDD,5,2,0.9877880897442852,2.3513096815436043,1.5466343365022617e-05,0.0,HyPhysML,17
raw_propagated,SDD,5,3,0.9847676754807735,2.6260386991140447,-0.0030049479201467166,0.0,HyPhysML,17
single_column,SDD,5,3,0.9877833142435025,2.3517693796355776,1.0690842582317117e-05,0.0,HyPhysML,17
raw_propagated,SDD,5,4,0.9849089031743163,2.6138365879830303,-0.002863720226603861,0.0,HyPhysML,17
single_column,SDD,5,4,0.9877708248739634,2.352971203695838,-1.7985269568088214e-06,0.0,HyPhysML,17
raw_propagated,SDD,10,0,0.9805760782441628,2.965421896418512,-0.0071965451567573835,0.0,HyPhysML,17
single_column,SDD,10,0,0.9877843624315268,2.3516684869128155,1.1739030606583434e-05,0.0,HyPhysML,17
raw_propagated,SDD,10,1,0.9798340334219727,3.021534459535096,-0.007938589978947475,0.0,HyPhysML,17
single_column,SDD,10,1,0.9877995762069344,2.3502036062364393,2.695280601416883e-05,0.0,HyPhysML,17
raw_propagated,SDD,10,2,0.9797590424230487,3.0271473227893932,-0.008013580977871526,0.0,HyPhysML,17
single_column,SDD,10,2,0.98780305627213,2.3498683947211574,3.0432871209851164e-05,0.0,HyPhysML,17
raw_propagated,SDD,10,3,0.9801261782405889,2.99956809310117,-0.0076464451603313055,0.0,HyPhysML,17
single_column,SDD,10,3,0.987798099870411,2.350345797463655,2.5476469490803844e-05,0.0,HyPhysML,17
raw_propagated,SDD,10,4,0.9800971413556031,3.0017585707069614,-0.007675482045317095,0.0,HyPhysML,17
single_column,SDD,10,4,0.9877889485495819,2.3512270019025983,1.632514866167778e-05,0.0,HyPhysML,17
raw_propagated,SDD,15,0,0.9745135793157982,3.3968193730910197,-0.013259044085122018,0.0,HyPhysML,17
single_column,SDD,15,0,0.9877922059864327,2.3509133727135136,1.9582585512489814e-05,0.0,HyPhysML,17
raw_propagated,SDD,15,1,0.9734039770478098,3.4699752694904578,-0.014368646353110415,0.0,HyPhysML,17
single_column,SDD,15,1,0.9877780198246016,2.352278924686338,5.39642368135862e-06,0.0,HyPhysML,17
raw_propagated,SDD,15,2,0.9729170656370797,3.5015947998927843,-0.01485555776384051,0.0,HyPhysML,17
single_column,SDD,15,2,0.9877750707603485,2.3525627004403153,2.4473594283369593e-06,0.0,HyPhysML,17
raw_propagated,SDD,15,3,0.9736573141920631,3.4534093146152243,-0.014115309208857063,0.0,HyPhysML,17
single_column,SDD,15,3,0.9877683740205969,2.3532069717846302,-4.249380323284591e-06,0.0,HyPhysML,17
raw_propagated,SDD,15,4,0.9734030891029214,3.4700331939608247,-0.01436953429799881,0.0,HyPhysML,17
single_column,SDD,15,4,0.9877982080986459,2.3503353739091892,2.5584697725733463e-05,0.0,HyPhysML,17
raw_propagated,SDD,20,0,0.9657489690324627,3.9378108771692584,-0.022023654368457546,0.07507507507507508,HyPhysML,17
single_column,SDD,20,0,0.9877949646432026,2.350647733831181,2.2341242282397644e-05,0.0,HyPhysML,17
raw_propagated,SDD,20,1,0.9668868745062134,3.871846377551471,-0.020885748894706846,0.0,HyPhysML,17
single_column,SDD,20,1,0.9877838324491357,2.351719500597643,1.1209048215499173e-05,0.0,HyPhysML,17
raw_propagated,SDD,20,2,0.9695566658840807,3.7124801231815763,-0.018215957516839465,0.0,HyPhysML,17
single_column,SDD,20,2,0.9878161434505219,2.348607365670106,4.3520049601730726e-05,0.0,HyPhysML,17
raw_propagated,SDD,20,3,0.9670156247497699,3.8643118022390244,-0.020756998651150327,0.0,HyPhysML,17
single_column,SDD,20,3,0.9877802177056806,2.3520674097877836,7.5943047603832525e-06,0.0,HyPhysML,17
raw_propagated,SDD,20,4,0.9669551908725611,3.867850272656744,-0.020817432528359103,0.0,HyPhysML,17
single_column,SDD,20,4,0.9877872991283353,2.351385793831167,1.4675727415092155e-05,0.0,HyPhysML,17
raw_propagated,RH,5,0,0.986072976159193,2.511002757074813,-0.0016996472417272201,0.0,HyPhysML,17
single_column,RH,5,0,0.9873525307294688,2.392874086139302,-0.0004200926714513775,0.0,HyPhysML,17
raw_propagated,RH,5,1,0.985540207688453,2.5585803350586995,-0.0022324157124672395,0.0,HyPhysML,17
single_column,RH,5,1,0.987098526363878,2.4167831796836934,-0.0006740970370422428,0.0,HyPhysML,17
raw_propagated,RH,5,2,0.986064812396704,2.5117386008259825,-0.001707811004216242,0.0,HyPhysML,17
single_column,RH,5,2,0.9873741929447455,2.390823985567768,-0.0003984304561747143,0.0,HyPhysML,17
raw_propagated,RH,5,3,0.9861305708694118,2.505805296871645,-0.0016420525315083978,0.0,HyPhysML,17
single_column,RH,5,3,0.9873565048342394,2.3924981105484724,-0.00041611856668077873,0.0,HyPhysML,17
raw_propagated,RH,5,4,0.9861601059810468,2.5031358040837772,-0.0016125174198734493,0.0,HyPhysML,17
single_column,RH,5,4,0.9873547790644096,2.3926613866093684,-0.0004178443365105977,0.0,HyPhysML,17
raw_propagated,RH,10,0,0.983977878549931,2.6932585037122756,-0.0037947448509891846,0.0,HyPhysML,17
single_column,RH,10,0,0.9868222452750047,2.442523438861662,-0.0009503781259154742,0.0,HyPhysML,17
raw_propagated,RH,10,1,0.9849607005681473,2.609346977329368,-0.002811922832772873,0.0,HyPhysML,17
single_column,RH,10,1,0.9872161711848284,2.4057389700337777,-0.0005564522160917962,0.0,HyPhysML,17
raw_propagated,RH,10,2,0.9850995142719228,2.597276840275662,-0.0026731091289974307,0.0,HyPhysML,17
single_column,RH,10,2,0.9872242714671795,2.4049766689611305,-0.0005483519337406983,0.0,HyPhysML,17
raw_propagated,RH,10,3,0.9847018805483987,2.631704080734893,-0.003070742852521513,0.0,HyPhysML,17
single_column,RH,10,3,0.987213043684364,2.406033228105312,-0.00055957971655618,0.0,HyPhysML,17
raw_propagated,RH,10,4,0.984160122086292,2.6778974704312763,-0.0036125013146282026,0.0,HyPhysML,17
single_column,RH,10,4,0.9869764287746355,2.4281922844240134,-0.0007961946262846631,0.0,HyPhysML,17
raw_propagated,RH,15,0,0.9804262629796825,2.9768359690357755,-0.007346360421237708,0.0,HyPhysML,17
single_column,RH,15,0,0.9862868528501058,2.4916474807396405,-0.001485770550814447,0.0,HyPhysML,17
raw_propagated,RH,15,1,0.9794630428495887,3.0492011755745043,-0.008309580551331464,0.0,HyPhysML,17
single_column,RH,15,1,0.9861183786661389,2.506906444439484,-0.0016542447347812628,0.0,HyPhysML,17
raw_propagated,RH,15,2,0.982448838035622,2.8188435141684134,-0.005323785365298206,0.0,HyPhysML,17
single_column,RH,15,2,0.9868303049081509,2.441776389982345,-0.0009423184927692674,0.0,HyPhysML,17
raw_propagated,RH,15,3,0.9828493400255924,2.7864961570376843,-0.004923283375327769,0.0,HyPhysML,17
single_column,RH,15,3,0.9868581961240694,2.439189382137379,-0.00091442727685076,0.0,HyPhysML,17
raw_propagated,RH,15,4,0.9824152771239566,2.821537289577088,-0.005357346276963604,0.0,HyPhysML,17
single_column,RH,15,4,0.9867387325178273,2.4502508443354376,-0.0010338908830929139,0.0,HyPhysML,17
raw_propagated,RH,20,0,0.9726745850833527,3.5172352141109977,-0.015098038317567508,0.0,HyPhysML,17
single_column,RH,20,0,0.9848717764795489,2.6170498567702807,-0.0029008469213712695,0.0,HyPhysML,17
raw_propagated,RH,20,1,0.9765253007400401,3.260003366953474,-0.011247322660880132,0.0,HyPhysML,17
single_column,RH,20,1,0.9853521545808424,2.5751640694049662,-0.002420468820077848,0.0,HyPhysML,17
raw_propagated,RH,20,2,0.976456865804039,3.264751793300287,-0.011315757596881193,0.0,HyPhysML,17
single_column,RH,20,2,0.9856790189928936,2.5462697724566272,-0.002093604408026639,0.0,HyPhysML,17
raw_propagated,RH,20,3,0.9760571167996136,3.292351940394256,-0.011715506601306602,0.0,HyPhysML,17
single_column,RH,20,3,0.9855622546551699,2.5566290465313215,-0.002210368745750313,0.0,HyPhysML,17
raw_propagated,RH,20,4,0.9736956975299934,3.4508924547541926,-0.014076925870926793,0.0,HyPhysML,17
single_column,RH,20,4,0.9849072650792682,2.6139784463461195,-0.002865358321652023,0.0,HyPhysML,17
raw_propagated,Aging,5,0,0.9871778287864957,2.4093440222359503,-0.0005947946144244654,12.837837837837837,HyPhysML,17
single_column,Aging,5,0,0.987501011196064,2.378786524239821,-0.0002716122048561642,0.0,HyPhysML,17
raw_propagated,Aging,5,1,0.9868171535201982,2.4429952768034884,-0.0009554698807220374,11.186186186186188,HyPhysML,17
single_column,Aging,5,1,0.9874293950667749,2.3855917207674797,-0.00034322833414535125,0.0,HyPhysML,17
raw_propagated,Aging,5,2,0.9871221864161566,2.4145660896729053,-0.000650436984763636,11.786786786786786,HyPhysML,17
single_column,Aging,5,2,0.9875045708713355,2.3784477644137447,-0.00026805252958472803,0.0,HyPhysML,17
raw_propagated,Aging,5,3,0.9870997324379686,2.416670212445106,-0.0006728909629516444,12.837837837837837,HyPhysML,17
single_column,Aging,5,3,0.9875144701189799,2.377505439493778,-0.00025815328194034315,0.0,HyPhysML,17
raw_propagated,Aging,5,4,0.9872787702613597,2.3998416034681416,-0.0004938531395605184,12.387387387387387,HyPhysML,17
single_column,Aging,5,4,0.9876047304603458,2.3688961253841945,-0.00016789294057439896,0.0,HyPhysML,17
raw_propagated,Aging,10,0,0.985971080525499,2.520171762978757,-0.0018015428754212248,12.012012012012011,HyPhysML,17
single_column,Aging,10,0,0.9874420540409307,2.384390237195683,-0.00033056935998954096,0.0,HyPhysML,17
raw_propagated,Aging,10,1,0.9860803816640215,2.5103350725840907,-0.0016922417368987475,11.561561561561561,HyPhysML,17
single_column,Aging,10,1,0.9875050335181524,2.3784037326537275,-0.0002675898827677603,0.0,HyPhysML,17
raw_propagated,Aging,10,2,0.9864192197480492,2.4795929395804523,-0.0013534036528709548,13.363363363363364,HyPhysML,17
single_column,Aging,10,2,0.9875509593372801,2.374028743142178,-0.0002216640636401035,0.0,HyPhysML,17
raw_propagated,Aging,10,3,0.9863137349003555,2.489204079163686,-0.0014588885005647478,12.312312312312311,HyPhysML,17
single_column,Aging,10,3,0.9874724237531836,2.381505327549875,-0.0003001996477366431,0.0,HyPhysML,17
raw_propagated,Aging,10,4,0.9862698333991657,2.4931931989484477,-0.0015027900017544615,12.687687687687689,HyPhysML,17
single_column,Aging,10,4,0.9874712489339715,2.3816169921115615,-0.0003013744669486673,0.0,HyPhysML,17
raw_propagated,Aging,15,0,0.9850638259494746,2.6003853636900796,-0.002708797451445588,12.987987987987987,HyPhysML,17
single_column,Aging,15,0,0.9873808109496715,2.3901973104259007,-0.00039181245124875197,0.0,HyPhysML,17
raw_propagated,Aging,15,1,0.9852744940293547,2.5819816005649536,-0.0024981293715654607,12.237237237237238,HyPhysML,17
single_column,Aging,15,1,0.98750267237418,2.3786284426748288,-0.00026995102674021165,0.0,HyPhysML,17
raw_propagated,Aging,15,2,0.985252595762286,2.5839007168898465,-0.002520027638634237,12.462462462462462,HyPhysML,17
single_column,Aging,15,2,0.9874568423076995,2.382985891851332,-0.0003157810932207239,0.0,HyPhysML,17
raw_propagated,Aging,15,3,0.9840617040995747,2.6862038842119222,-0.0037109193013454833,12.237237237237238,HyPhysML,17
single_column,Aging,15,3,0.9871842391403738,2.4087416796843217,-0.0005883842605464151,0.0,HyPhysML,17
raw_propagated,Aging,15,4,0.9850558274044974,2.60108154315948,-0.002716795996422827,11.11111111111111,HyPhysML,17
single_column,Aging,15,4,0.987426293232847,2.3858860285179,-0.0003463301680731723,0.0,HyPhysML,17
raw_propagated,Aging,20,0,0.9834612717883999,2.7363338641810526,-0.0043113516125202755,12.762762762762764,HyPhysML,17
single_column,Aging,20,0,0.9871916091062823,2.408048981950542,-0.0005810142946378605,0.0,HyPhysML,17
raw_propagated,Aging,20,1,0.9826687140022714,2.8011310300666596,-0.005103909398648798,11.336336336336336,HyPhysML,17
single_column,Aging,20,1,0.9872322710308348,2.4042236091082194,-0.0005403523700854285,0.0,HyPhysML,17
raw_propagated,Aging,20,2,0.9822378689189846,2.8357344901752577,-0.005534754481935633,12.987987987987987,HyPhysML,17
single_column,Aging,20,2,0.9868744610011717,2.4376794905423407,-0.0008981623997484922,0.0,HyPhysML,17
raw_propagated,Aging,20,3,0.982964803040887,2.77710058317811,-0.004807820360033244,13.513513513513514,HyPhysML,17
single_column,Aging,20,3,0.9871433169253523,2.41258431080868,-0.0006293064755679145,0.0,HyPhysML,17
raw_propagated,Aging,20,4,0.9826570561573984,2.802072958482048,-0.005115567243521801,11.786786786786786,HyPhysML,17
single_column,Aging,20,4,0.9869730189611513,2.428510136600567,-0.0007996044397688973,0.0,HyPhysML,17
raw_propagated,SDD,5,0,0.9788420024954811,3.0949619267562882,-0.007733814025708163,0.0,HyPhysML-MC,17
single_column,SDD,5,0,0.9788420024954811,3.0949619267562882,-0.007733814025708163,0.0,HyPhysML-MC,17
raw_propagated,SDD,5,1,0.9785973694681567,3.1128027915333645,-0.007978447053032633,0.0,HyPhysML-MC,17
single_column,SDD,5,1,0.9785973694681567,3.1128027915333645,-0.007978447053032633,0.0,HyPhysML-MC,17
raw_propagated,SDD,5,2,0.9791187295761496,3.0746556886768706,-0.007457086945039659,0.0,HyPhysML-MC,17
single_column,SDD,5,2,0.9791187295761496,3.0746556886768706,-0.007457086945039659,0.0,HyPhysML-MC,17
raw_propagated,SDD,5,3,0.9775195701671624,3.19021781164606,-0.009056246354026909,0.0,HyPhysML-MC,17
single_column,SDD,5,3,0.9775195701671624,3.19021781164606,-0.009056246354026909,0.0,HyPhysML-MC,17
raw_propagated,SDD,5,4,0.9786386396238452,3.1098001735889116,-0.007937176897344078,0.0,HyPhysML-MC,17
single_column,SDD,5,4,0.9786386396238452,3.1098001735889116,-0.007937176897344078,0.0,HyPhysML-MC,17
raw_propagated,SDD,10,0,0.9784425423893657,3.1240415432044633,-0.008133274131823631,0.0,HyPhysML-MC,17
single_column,SDD,10,0,0.9784425423893657,3.1240415432044633,-0.008133274131823631,0.0,HyPhysML-MC,17
raw_propagated,SDD,10,1,0.9790462822225093,3.07998481353694,-0.007529534298679974,0.0,HyPhysML-MC,17
single_column,SDD,10,1,0.9790462822225093,3.07998481353694,-0.007529534298679974,0.0,HyPhysML-MC,17
raw_propagated,SDD,10,2,0.9795180640527471,3.045113831065684,-0.007057752468442202,0.0,HyPhysML-MC,17
single_column,SDD,10,2,0.9795180640527471,3.045113831065684,-0.007057752468442202,0.0,HyPhysML-MC,17
raw_propagated,SDD,10,3,0.9786377929318008,3.1098618039563095,-0.007938023589388554,0.0,HyPhysML-MC,17
single_column,SDD,10,3,0.9786377929318008,3.1098618039563095,-0.007938023589388554,0.0,HyPhysML-MC,17
raw_propagated,SDD,10,4,0.9790556976379183,3.079292750315075,-0.0075201188832709764,0.0,HyPhysML-MC,17
single_column,SDD,10,4,0.9790556976379183,3.079292750315075,-0.0075201188832709764,0.0,HyPhysML-MC,17
raw_propagated,SDD,15,0,0.9781548391589185,3.144818990553027,-0.008420977362270765,0.0,HyPhysML-MC,17
single_column,SDD,15,0,0.9781548391589185,3.144818990553027,-0.008420977362270765,0.0,HyPhysML-MC,17
raw_propagated,SDD,15,1,0.976819345433118,3.239521582539658,-0.009756471088071317,0.0,HyPhysML-MC,17
single_column,SDD,15,1,0.976819345433118,3.239521582539658,-0.009756471088071317,0.0,HyPhysML-MC,17
raw_propagated,SDD,15,2,0.9772214902904071,3.2112985519473876,-0.00935432623078225,0.0,HyPhysML-MC,17
single_column,SDD,15,2,0.9772214902904071,3.2112985519473876,-0.00935432623078225,0.0,HyPhysML-MC,17
raw_propagated,SDD,15,3,0.9770808520300036,3.221196839408398,-0.009494964491185698,0.0,HyPhysML-MC,17
single_column,SDD,15,3,0.9770808520300036,3.221196839408398,-0.009494964491185698,0.0,HyPhysML-MC,17
raw_propagated,SDD,15,4,0.978397474867856,3.127305362720135,-0.00817834165333331,0.0,HyPhysML-MC,17
single_column,SDD,15,4,0.978397474867856,3.127305362720135,-0.00817834165333331,0.0,HyPhysML-MC,17
raw_propagated,SDD,20,0,0.9737077831499326,3.4500996003090694,-0.012868033371256749,0.07507507507507508,HyPhysML-MC,17
single_column,SDD,20,0,0.9737077831499326,3.4500996003090694,-0.012868033371256749,0.0,HyPhysML-MC,17
raw_propagated,SDD,20,1,0.9733854645984973,3.4711827163134745,-0.013190351922692023,0.0,HyPhysML-MC,17
single_column,SDD,20,1,0.9733854645984973,3.4711827163134745,-0.013190351922692023,0.0,HyPhysML-MC,17
raw_propagated,SDD,20,2,0.9753915009684031,3.3378021698085694,-0.011184315552786206,0.0,HyPhysML-MC,17
single_column,SDD,20,2,0.9753915009684031,3.3378021698085694,-0.011184315552786206,0.0,HyPhysML-MC,17
raw_propagated,SDD,20,3,0.9743785206396098,3.4058077625450967,-0.012197295881579473,0.0,HyPhysML-MC,17
single_column,SDD,20,3,0.9743785206396098,3.4058077625450967,-0.012197295881579473,0.0,HyPhysML-MC,17
raw_propagated,SDD,20,4,0.9741925786048403,3.418143857400197,-0.012383237916348988,0.0,HyPhysML-MC,17
single_column,SDD,20,4,0.9741925786048403,3.418143857400197,-0.012383237916348988,0.0,HyPhysML-MC,17
raw_propagated,RH,5,0,0.9783344243800784,3.1318658125472125,-0.00824139214111086,0.0,HyPhysML-MC,17
single_column,RH,5,0,0.9783344243800784,3.1318658125472125,-0.00824139214111086,0.0,HyPhysML-MC,17
raw_propagated,RH,5,1,0.9771127484716984,3.21895459878259,-0.00946306804949093,0.0,HyPhysML-MC,17
single_column,RH,5,1,0.9771127484716984,3.21895459878259,-0.00946306804949093,0.0,HyPhysML-MC,17
raw_propagated,RH,5,2,0.9782626665465933,3.1370479995303366,-0.00831314997459598,0.0,HyPhysML-MC,17
single_column,RH,5,2,0.9782626665465933,3.1370479995303366,-0.00831314997459598,0.0,HyPhysML-MC,17
raw_propagated,RH,5,3,0.9782816228224054,3.135679852936993,-0.008294193698783925,0.0,HyPhysML-MC,17
single_column,RH,5,3,0.9782816228224054,3.135679852936993,-0.008294193698783925,0.0,HyPhysML-MC,17
raw_propagated,RH,5,4,0.9786502339159073,3.108956106903214,-0.007925582605281978,0.0,HyPhysML-MC,17
single_column,RH,5,4,0.9786502339159073,3.108956106903214,-0.007925582605281978,0.0,HyPhysML-MC,17
raw_propagated,RH,10,0,0.9762985621594161,3.2757094728545404,-0.01027725436177318,0.0,HyPhysML-MC,17
single_column,RH,10,0,0.9762985621594161,3.2757094728545404,-0.01027725436177318,0.0,HyPhysML-MC,17
raw_propagated,RH,10,1,0.9778066298947816,3.1697839195988746,-0.008769186626407688,0.0,HyPhysML-MC,17
single_column,RH,10,1,0.9778066298947816,3.1697839195988746,-0.008769186626407688,0.0,HyPhysML-MC,17
raw_propagated,RH,10,2,0.9775779040491949,3.1860760164750626,-0.00899791247199444,0.0,HyPhysML-MC,17
single_column,RH,10,2,0.9775779040491949,3.1860760164750626,-0.00899791247199444,0.0,HyPhysML-MC,17
raw_propagated,RH,10,3,0.9775096846610627,3.190919165037332,-0.009066131860126614,0.0,HyPhysML-MC,17
single_column,RH,10,3,0.9775096846610627,3.190919165037332,-0.009066131860126614,0.0,HyPhysML-MC,17
raw_propagated,RH,10,4,0.9763696156882679,3.270795732611696,-0.010206200832921453,0.0,HyPhysML-MC,17
single_column,RH,10,4,0.9763696156882679,3.270795732611696,-0.010206200832921453,0.0,HyPhysML-MC,17
raw_propagated,RH,15,0,0.973756951690776,3.446872110084448,-0.012818864830413279,0.0,HyPhysML-MC,17
single_column,RH,15,0,0.973756951690776,3.446872110084448,-0.012818864830413279,0.0,HyPhysML-MC,17
raw_propagated,RH,15,1,0.9727516472313967,3.512272122610523,-0.013824169289792576,0.0,HyPhysML-MC,17
single_column,RH,15,1,0.9727516472313967,3.512272122610523,-0.013824169289792576,0.0,HyPhysML-MC,17
raw_propagated,RH,15,2,0.9753699883979022,3.3392607922640014,-0.011205828123287076,0.0,HyPhysML-MC,17
single_column,RH,15,2,0.9753699883979022,3.3392607922640014,-0.011205828123287076,0.0,HyPhysML-MC,17
raw_propagated,RH,15,3,0.9769333269226154,3.2315472495158577,-0.009642489598573944,0.0,HyPhysML-MC,17
single_column,RH,15,3,0.9769333269226154,3.2315472495158577,-0.009642489598573944,0.0,HyPhysML-MC,17
raw_propagated,RH,15,4,0.9754166303976923,3.336097504936516,-0.011159186123496978,0.0,HyPhysML-MC,17
single_column,RH,15,4,0.9754166303976923,3.336097504936516,-0.011159186123496978,0.0,HyPhysML-MC,17
raw_propagated,RH,20,0,0.9665674082248137,3.890478797099571,-0.020008408296375624,0.0,HyPhysML-MC,17
single_column,RH,20,0,0.9665674082248137,3.890478797099571,-0.020008408296375624,0.0,HyPhysML-MC,17
raw_propagated,RH,20,1,0.9703460499847278,3.6640324023779764,-0.016229766536461465,0.0,HyPhysML-MC,17
single_column,RH,20,1,0.9703460499847278,3.6640324023779764,-0.016229766536461465,0.0,HyPhysML-MC,17
raw_propagated,RH,20,2,0.9701320802162977,3.6772276598151326,-0.0164437363048916,0.0,HyPhysML-MC,17
single_column,RH,20,2,0.9701320802162977,3.6772276598151326,-0.0164437363048916,0.0,HyPhysML-MC,17
raw_propagated,RH,20,3,0.9690363739370182,3.7440698037247615,-0.01753944258417106,0.0,HyPhysML-MC,17
single_column,RH,20,3,0.9690363739370182,3.7440698037247615,-0.01753944258417106,0.0,HyPhysML-MC,17
raw_propagated,RH,20,4,0.9677208352940931,3.822778844995211,-0.018854981227096168,0.0,HyPhysML-MC,17
single_column,RH,20,4,0.9677208352940931,3.822778844995211,-0.018854981227096168,0.0,HyPhysML-MC,17
raw_propagated,Aging,5,0,0.9818457890539424,2.8668615422704944,-0.004730027467246933,12.837837837837837,HyPhysML-MC,17
single_column,Aging,5,0,0.9818457890539424,2.8668615422704944,-0.004730027467246933,0.0,HyPhysML-MC,17
raw_propagated,Aging,5,1,0.9819814763833316,2.856127768935787,-0.004594340137857755,11.186186186186188,HyPhysML-MC,17
single_column,Aging,5,1,0.9819814763833316,2.856127768935787,-0.004594340137857755,0.0,HyPhysML-MC,17
raw_propagated,Aging,5,2,0.982022806503605,2.8528502564271054,-0.004553010017584347,11.786786786786786,HyPhysML-MC,17
single_column,Aging,5,2,0.982022806503605,2.8528502564271054,-0.004553010017584347,0.0,HyPhysML-MC,17
raw_propagated,Aging,5,3,0.9819458810698208,2.8589474950622464,-0.004629935451368472,12.837837837837837,HyPhysML-MC,17
single_column,Aging,5,3,0.9819458810698208,2.8589474950622464,-0.004629935451368472,0.0,HyPhysML-MC,17
raw_propagated,Aging,5,4,0.9824889082443968,2.8156238928506214,-0.004086908276792478,12.387387387387387,HyPhysML-MC,17
single_column,Aging,5,4,0.9824889082443968,2.8156238928506214,-0.004086908276792478,0.0,HyPhysML-MC,17
raw_propagated,Aging,10,0,0.9822478520585194,2.8349374711715973,-0.00432796446266992,12.012012012012011,HyPhysML-MC,17
single_column,Aging,10,0,0.9822478520585194,2.8349374711715973,-0.00432796446266992,0.0,HyPhysML-MC,17
raw_propagated,Aging,10,1,0.9821571174439715,2.8421731902760388,-0.004418699077217814,11.561561561561561,HyPhysML-MC,17
single_column,Aging,10,1,0.9821571174439715,2.8421731902760388,-0.004418699077217814,0.0,HyPhysML-MC,17
raw_propagated,Aging,10,2,0.9821105022731983,2.8458834082971314,-0.004465314247991015,13.363363363363364,HyPhysML-MC,17
single_column,Aging,10,2,0.9821105022731983,2.8458834082971314,-0.004465314247991015,0.0,HyPhysML-MC,17
raw_propagated,Aging,10,3,0.9816390244106794,2.883141163176811,-0.004936792110509902,12.312312312312311,HyPhysML-MC,17
single_column,Aging,10,3,0.9816390244106794,2.883141163176811,-0.004936792110509902,0.0,HyPhysML-MC,17
raw_propagated,Aging,10,4,0.9821917244465979,2.8394155967668655,-0.00438409207459145,12.687687687687689,HyPhysML-MC,17
single_column,Aging,10,4,0.9821917244465979,2.8394155967668655,-0.00438409207459145,0.0,HyPhysML-MC,17
raw_propagated,Aging,15,0,0.981549378251357,2.8901709589897644,-0.00502643826983229,12.987987987987987,HyPhysML-MC,17
single_column,Aging,15,0,0.981549378251357,2.8901709589897644,-0.00502643826983229,0.0,HyPhysML-MC,17
raw_propagated,Aging,15,1,0.9822449539946753,2.835168865550698,-0.0043308625265140455,12.237237237237238,HyPhysML-MC,17
single_column,Aging,15,1,0.9822449539946753,2.835168865550698,-0.0043308625265140455,0.0,HyPhysML-MC,17
raw_propagated,Aging,15,2,0.981894904247854,2.8629808496307674,-0.004680912273335336,12.462462462462462,HyPhysML-MC,17
single_column,Aging,15,2,0.981894904247854,2.8629808496307674,-0.004680912273335336,0.0,HyPhysML-MC,17
raw_propagated,Aging,15,3,0.9808372505998503,2.9454180243440162,-0.005738565921339034,12.237237237237238,HyPhysML-MC,17
single_column,Aging,15,3,0.9808372505998503,2.9454180243440162,-0.005738565921339034,0.0,HyPhysML-MC,17
raw_propagated,Aging,15,4,0.9819762011032306,2.856545832360008,-0.0045996154179587245,11.11111111111111,HyPhysML-MC,17
single_column,Aging,15,4,0.9819762011032306,2.856545832360008,-0.0045996154179587245,0.0,HyPhysML-MC,17
raw_propagated,Aging,20,0,0.9805898163089286,2.964373025737705,-0.0059860002122607,12.762762762762764,HyPhysML-MC,17
single_column,Aging,20,0,0.9805898163089286,2.964373025737705,-0.0059860002122607,0.0,HyPhysML-MC,17
raw_propagated,Aging,20,1,0.9802530987706427,2.989974655207006,-0.006322717750546603,11.336336336336336,HyPhysML-MC,17
single_column,Aging,20,1,0.9802530987706427,2.989974655207006,-0.006322717750546603,0.0,HyPhysML-MC,17
raw_propagated,Aging,20,2,0.9798612085430509,3.01949790339928,-0.006714607978138387,12.987987987987987,HyPhysML-MC,17
single_column,Aging,20,2,0.9798612085430509,3.01949790339928,-0.006714607978138387,0.0,HyPhysML-MC,17
raw_propagated,Aging,20,3,0.9804909087190556,2.9719161390474462,-0.0060849078021336656,13.513513513513514,HyPhysML-MC,17
single_column,Aging,20,3,0.9804909087190556,2.9719161390474462,-0.0060849078021336656,0.0,HyPhysML-MC,17
raw_propagated,Aging,20,4,0.9802208607028701,2.9924143214469936,-0.006354955818319241,11.786786786786786,HyPhysML-MC,17
single_column,Aging,20,4,0.9802208607028701,2.9924143214469936,-0.006354955818319241,0.0,HyPhysML-MC,17
raw_propagated,SDD,5,0,0.9865051921731518,2.6039466306986174,-0.0035507818890823106,0.0,HyPhysML,88
single_column,SDD,5,0,0.9900264315896847,2.238587179291311,-2.9542472549382026e-05,0.0,HyPhysML,88
raw_propagated,SDD,5,1,0.9870014208656338,2.5556222933873145,-0.003054553196600307,0.0,HyPhysML,88
single_column,SDD,5,1,0.9900419623832428,2.2368435415466865,-1.4011678991288079e-05,0.0,HyPhysML,88
raw_propagated,SDD,5,2,0.9871471189260402,2.5412592429997503,-0.0029088551361938775,0.0,HyPhysML,88
single_column,SDD,5,2,0.9900366600037178,2.237438990942068,-1.9314058516295418e-05,0.0,HyPhysML,88
raw_propagated,SDD,5,3,0.9874744471375598,2.50869104059394,-0.0025815269246742822,0.0,HyPhysML,88
single_column,SDD,5,3,0.9900376906410505,2.2373232642985816,-1.8283421183595827e-05,0.0,HyPhysML,88
raw_propagated,SDD,5,4,0.9871052178014567,2.5453981973969557,-0.002950756260777454,0.0,HyPhysML,88
single_column,SDD,5,4,0.9900295800109513,2.2382338167081497,-2.6394051282796482e-05,0.0,HyPhysML,88
raw_propagated,SDD,10,0,0.9822971009202156,2.9824345616642334,-0.0077588731420185075,0.0,HyPhysML,88
single_column,SDD,10,0,0.9900304923110527,2.238131414419582,-2.5481751181444245e-05,0.0,HyPhysML,88
raw_propagated,SDD,10,1,0.9814670326545615,3.0515550355498893,-0.008588941407672634,0.0,HyPhysML,88
single_column,SDD,10,1,0.9900214576782352,2.2391453118505766,-3.451638399887269e-05,0.0,HyPhysML,88
raw_propagated,SDD,10,2,0.9817307093252584,3.029769362123106,-0.008325264736975702,0.0,HyPhysML,88
single_column,SDD,10,2,0.9900405703626035,2.2369998787532808,-1.540369963060062e-05,0.0,HyPhysML,88
raw_propagated,SDD,10,3,0.9819347246872593,3.012804969226223,-0.008121249374974826,0.0,HyPhysML,88
single_column,SDD,10,3,0.990040779729664,2.2369763655317727,-1.519433257013425e-05,0.0,HyPhysML,88
raw_propagated,SDD,10,4,0.9824418261158254,2.970218505325914,-0.007614147946408689,0.0,HyPhysML,88
single_column,SDD,10,4,0.9900325242047044,2.237903325084933,-2.3449857529667106e-05,0.0,HyPhysML,88
raw_propagated,SDD,15,0,0.9773711854581131,3.3719383698645875,-0.012684788604121033,0.0,HyPhysML,88
single_column,SDD,15,0,0.9900247588787233,2.2387748930648574,-3.1215183510791e-05,0.0,HyPhysML,88
raw_propagated,SDD,15,1,0.9767781001281293,3.415840636289979,-0.013277873934104845,0.0,HyPhysML,88
single_column,SDD,15,1,0.9900096698763634,2.240467489477511,-4.630418587070473e-05,0.0,HyPhysML,88
raw_propagated,SDD,15,2,0.9756846943799375,3.495333287877372,-0.014371279682296567,0.0,HyPhysML,88
single_column,SDD,15,2,0.9900344318188083,2.2376891655368976,-2.154224342576505e-05,0.0,HyPhysML,88
raw_propagated,SDD,15,3,0.9758641485200624,3.48241110511147,-0.014191825542171688,0.0,HyPhysML,88
single_column,SDD,15,3,0.9900364762217759,2.2374596265414968,-1.949784045818248e-05,0.0,HyPhysML,88
raw_propagated,SDD,15,4,0.97644425960005,3.4403062659653227,-0.013611714462184121,0.0,HyPhysML,88
single_column,SDD,15,4,0.9900357200776511,2.2375445267179455,-2.025398458305183e-05,0.0,HyPhysML,88
raw_propagated,SDD,20,0,0.9704288660412023,3.8546301678143857,-0.019627108021031847,0.0,HyPhysML,88
single_column,SDD,20,0,0.9900425681171181,2.2367755084379497,-1.3405945116007345e-05,0.0,HyPhysML,88
raw_propagated,SDD,20,1,0.9704270679814241,3.8547473555779717,-0.019628906080810027,0.0,HyPhysML,88
single_column,SDD,20,1,0.9900180129057127,2.239531775144217,-3.796115652143772e-05,0.0,HyPhysML,88
raw_propagated,SDD,20,2,0.9679485421384709,4.013031981412818,-0.022107431923763188,0.07507507507507508,HyPhysML,88
single_column,SDD,20,2,0.9900172672534328,2.239615419852128,-3.870680880135868e-05,0.0,HyPhysML,88
raw_propagated,SDD,20,3,0.9690138799443789,3.9457750861012113,-0.02104209411785518,0.0,HyPhysML,88
single_column,SDD,20,3,0.9900291285740147,2.238284487090224,-2.684548821940691e-05,0.0,HyPhysML,88
raw_propagated,SDD,20,4,0.9705798275350582,3.8447785793374987,-0.019476146527175886,0.0,HyPhysML,88
single_column,SDD,20,4,0.9900264616474308,2.238583806028459,-2.9512414803312126e-05,0.0,HyPhysML,88
raw_propagated,RH,5,0,0.9881747769754637,2.4375492365664093,-0.0018811970867703698,0.0,HyPhysML,88
single_column,RH,5,0,0.9894957482773431,2.2973718061260895,-0.0005602257848910108,0.0,HyPhysML,88
raw_propagated,RH,5,1,0.987805363967001,2.475330243421282,-0.0022506100952330854,0.0,HyPhysML,88
single_column,RH,5,1,0.9893405857526447,2.3142773067187847,-0.0007153883095893931,0.0,HyPhysML,88
raw_propagated,RH,5,2,0.9881241777461116,2.442758713611709,-0.0019317963161225027,0.0,HyPhysML,88
single_column,RH,5,2,0.9894833691302575,2.2987251214440594,-0.0005726049319766391,0.0,HyPhysML,88
raw_propagated,RH,5,3,0.9876528251411737,2.4907636899828596,-0.0024031489210604162,0.0,HyPhysML,88
single_column,RH,5,3,0.98929258911298,2.319481756683184,-0.0007633849492540978,0.0,HyPhysML,88
raw_propagated,RH,5,4,0.9881717498469746,2.437861209649765,-0.0018842242152594668,0.0,HyPhysML,88
single_column,RH,5,4,0.9894631611563435,2.300932590942884,-0.0005928129058906384,0.0,HyPhysML,88
raw_propagated,RH,10,0,0.9867455918341149,2.580648748995643,-0.003310382228119191,0.0,HyPhysML,88
single_column,RH,10,0,0.989235766563413,2.32562817582885,-0.0008202074988210573,0.0,HyPhysML,88
raw_propagated,RH,10,1,0.9872290544701539,2.5331461840301124,-0.002826919592080257,0.0,HyPhysML,88
single_column,RH,10,1,0.9894403474135197,2.3034221659594425,-0.0006156266487143958,0.0,HyPhysML,88
raw_propagated,RH,10,2,0.9872467588881396,2.531389719219331,-0.0028092151740944926,0.0,HyPhysML,88
single_column,RH,10,2,0.9893478110421403,2.3134928284328358,-0.0007081630200937994,0.0,HyPhysML,88
raw_propagated,RH,10,3,0.9866359090449307,2.591304433524599,-0.0034200650173034086,0.0,HyPhysML,88
single_column,RH,10,3,0.9891403636385031,2.3359114109641146,-0.0009156104237310059,0.0,HyPhysML,88
raw_propagated,RH,10,4,0.986845362158514,2.5709177028638477,-0.003210611903720073,0.0,HyPhysML,88
single_column,RH,10,4,0.9891758648364529,2.3320901255977424,-0.0008801092257811893,0.0,HyPhysML,88
raw_propagated,RH,15,0,0.9839788123401481,2.837240042042211,-0.006077161722086055,0.0,HyPhysML,88
single_column,RH,15,0,0.9883367401786287,2.4207988364926787,-0.0017192338836053978,0.0,HyPhysML,88
raw_propagated,RH,15,1,0.9824971486909423,2.965535507612024,-0.007558825371291822,0.0,HyPhysML,88
single_column,RH,15,1,0.9875447324829726,2.501642558613874,-0.002511241579261525,0.0,HyPhysML,88
raw_propagated,RH,15,2,0.9825071343134925,2.964689447089137,-0.007548839748741654,0.0,HyPhysML,88
single_column,RH,15,2,0.9878816393930548,2.467576710052046,-0.0021743346691792675,0.0,HyPhysML,88
raw_propagated,RH,15,3,0.9816572658802839,3.035853164711759,-0.00839870818195021,0.0,HyPhysML,88
single_column,RH,15,3,0.9874665953232773,2.5094772210672205,-0.0025893787389568157,0.0,HyPhysML,88
raw_propagated,RH,15,4,0.981818885621156,3.02244896370927,-0.008237088441078066,0.0,HyPhysML,88
single_column,RH,15,4,0.9869813727670348,2.5575923405343497,-0.0030746012951993196,0.0,HyPhysML,88
raw_propagated,RH,20,0,0.97800145726424,3.3246480933830513,-0.012054516797994075,0.0,HyPhysML,88
single_column,RH,20,0,0.986218335183666,2.631476938426907,-0.0038376388785681392,0.0,HyPhysML,88
raw_propagated,RH,20,1,0.9771734559066134,3.3866382499864045,-0.012882518155620692,0.0,HyPhysML,88
single_column,RH,20,1,0.9859167397096698,2.6601144955521585,-0.004139234352564358,0.0,HyPhysML,88
raw_propagated,RH,20,2,0.9764224985878929,3.4418949925994213,-0.013633475474341239,0.0,HyPhysML,88
single_column,RH,20,2,0.9856927339346933,2.6811866820431307,-0.004363240127540857,0.0,HyPhysML,88
raw_propagated,RH,20,3,0.9771479080043677,3.3885329149652286,-0.01290806605786643,0.0,HyPhysML,88
single_column,RH,20,3,0.986336711737233,2.6201511307080745,-0.0037192623250010826,0.0,HyPhysML,88
raw_propagated,RH,20,4,0.9783828518770973,3.2957019268423235,-0.01167312218513683,0.0,HyPhysML,88
single_column,RH,20,4,0.986187012898986,2.6344655864536164,-0.003868961163248086,0.0,HyPhysML,88
raw_propagated,Aging,5,0,0.989120636723235,2.3380320813665363,-0.0009353373389990871,11.411411411411411,HyPhysML,88
single_column,Aging,5,0,0.9898013300271137,2.2637084702139423,-0.00025464403512043265,0.0,HyPhysML,88
raw_propagated,Aging,5,1,0.9891174465280647,2.338374851055964,-0.0009385275341694532,11.486486486486488,HyPhysML,88
single_column,Aging,5,1,0.9898325974824269,2.2602357263546384,-0.0002233765798071996,0.0,HyPhysML,88
raw_propagated,Aging,5,2,0.9889853651855479,2.352522458545671,-0.0010706088766861965,12.087087087087086,HyPhysML,88
single_column,Aging,5,2,0.9898271749459581,2.260838366848662,-0.0002287991162760461,0.0,HyPhysML,88
raw_propagated,Aging,5,3,0.9892509719658557,2.3239850207734807,-0.0008050020963784599,12.162162162162163,HyPhysML,88
single_column,Aging,5,3,0.9898622186772246,2.2569408967946436,-0.00019375538500954193,0.0,HyPhysML,88
raw_propagated,Aging,5,4,0.9892648074493412,2.32248889435991,-0.0007911666128929129,11.486486486486488,HyPhysML,88
single_column,Aging,5,4,0.9897873617358318,2.265258148745359,-0.0002686123264022955,0.0,HyPhysML,88
raw_propagated,Aging,10,0,0.9882453415714803,2.430265566485377,-0.0018106324907538607,11.411411411411411,HyPhysML,88
single_column,Aging,10,0,0.9898444319785198,2.25891992622727,-0.00021154208371432226,0.0,HyPhysML,88
raw_propagated,Aging,10,1,0.9880219472260341,2.4532501711280243,-0.0020340268362000202,11.036036036036036,HyPhysML,88
single_column,Aging,10,1,0.9898384221553623,2.2595882148647775,-0.00021755190687178239,0.0,HyPhysML,88
raw_propagated,Aging,10,2,0.9884775338925654,2.406143066286413,-0.0015784401696686823,11.786786786786786,HyPhysML,88
single_column,Aging,10,2,0.9899549885228522,2.2465906410977485,-0.00010098553938187038,0.0,HyPhysML,88
raw_propagated,Aging,10,3,0.988460704008133,2.4078996491744022,-0.0015952700541010945,12.762762762762764,HyPhysML,88
single_column,Aging,10,3,0.9899278212092181,2.249626606811811,-0.00012815285301603918,0.0,HyPhysML,88
raw_propagated,Aging,10,4,0.9884235497963417,2.4117730100619736,-0.0016324242658923849,12.312312312312311,HyPhysML,88
single_column,Aging,10,4,0.9898777601981088,2.255210254431672,-0.00017821386412530948,0.0,HyPhysML,88
raw_propagated,Aging,15,0,0.9867851335110334,2.5767964683996007,-0.003270840551200749,10.585585585585585,HyPhysML,88
single_column,Aging,15,0,0.9897433040765493,2.2701390895671674,-0.0003126699856847992,0.0,HyPhysML,88
raw_propagated,Aging,15,1,0.9866127540162766,2.593548348239782,-0.00344322004595754,11.636636636636636,HyPhysML,88
single_column,Aging,15,1,0.9896543494907878,2.2799621030403454,-0.000401624571446324,0.0,HyPhysML,88
raw_propagated,Aging,15,2,0.9873232527817218,2.523786668161856,-0.0027327212805122736,12.237237237237238,HyPhysML,88
single_column,Aging,15,2,0.9898007108284315,2.263777188195345,-0.0002552632338026495,0.0,HyPhysML,88
raw_propagated,Aging,15,3,0.9874054822183751,2.5155879090293376,-0.0026504918438590153,11.486486486486488,HyPhysML,88
single_column,Aging,15,3,0.9900142507722471,2.239953766459153,-4.172328998697239e-05,0.0,HyPhysML,88
raw_propagated,Aging,15,4,0.9872322345655395,2.5328307748061296,-0.002823739496694566,12.012012012012011,HyPhysML,88
single_column,Aging,15,4,0.9899293300605951,2.249458099113263,-0.00012664400163897582,0.0,HyPhysML,88
raw_propagated,Aging,20,0,0.9855600944335161,2.6935863542250646,-0.0044958796287180025,10.36036036036036,HyPhysML,88
single_column,Aging,20,0,0.9896279248823713,2.2828719579766377,-0.00042804917986283275,0.0,HyPhysML,88
raw_propagated,Aging,20,1,0.9861615243000601,2.636895107597446,-0.0038944497621740126,10.585585585585585,HyPhysML,88
single_column,Aging,20,1,0.9896453477807854,2.280953780423224,-0.0004106262814487227,0.0,HyPhysML,88
raw_propagated,Aging,20,2,0.9847582154381133,2.767366224245714,-0.005297758624120852,12.312312312312311,HyPhysML,88
single_column,Aging,20,2,0.9893326375194943,2.3151399708151823,-0.0007233365427398164,0.0,HyPhysML,88
raw_propagated,Aging,20,3,0.9854415503518954,2.704620223386644,-0.004614423710338711,10.885885885885886,HyPhysML,88
single_column,Aging,20,3,0.989489434066914,2.2980621889404453,-0.0005665399953200811,0.0,HyPhysML,88
raw_propagated,Aging,20,4,0.9856486008447932,2.6853187762357873,-0.004407373217440891,11.561561561561561,HyPhysML,88
single_column,Aging,20,4,0.9897859628161058,2.2654132901356365,-0.00027001124612835437,0.0,HyPhysML,88
raw_propagated,SDD,5,0,0.9804121424599039,3.1371999188490065,-0.007963342034362664,0.0,HyPhysML-MC,88
single_column,SDD,5,0,0.9804121424599039,3.1371999188490065,-0.007963342034362664,0.0,HyPhysML-MC,88
raw_propagated,SDD,5,1,0.9806358886487747,3.119230813314185,-0.007739595845491887,0.0,HyPhysML-MC,88
single_column,SDD,5,1,0.9806358886487747,3.119230813314185,-0.007739595845491887,0.0,HyPhysML-MC,88
raw_propagated,SDD,5,2,0.980094247894801,3.162554528845818,-0.008281236599465558,0.0,HyPhysML-MC,88
single_column,SDD,5,2,0.980094247894801,3.162554528845818,-0.008281236599465558,0.0,HyPhysML-MC,88
raw_propagated,SDD,5,3,0.9806848779642237,3.1152826395532887,-0.007690606530042943,0.0,HyPhysML-MC,88
single_column,SDD,5,3,0.9806848779642237,3.1152826395532887,-0.007690606530042943,0.0,HyPhysML-MC,88
raw_propagated,SDD,5,4,0.9798495244180565,3.1819355370625866,-0.008525960076210093,0.0,HyPhysML-MC,88
single_column,SDD,5,4,0.9798495244180565,3.1819355370625866,-0.008525960076210093,0.0,HyPhysML-MC,88
raw_propagated,SDD,10,0,0.9801991370893682,3.154211314029868,-0.008176347404898365,0.0,HyPhysML-MC,88
single_column,SDD,10,0,0.9801991370893682,3.154211314029868,-0.008176347404898365,0.0,HyPhysML-MC,88
raw_propagated,SDD,10,1,0.979797025377783,3.1860778685362567,-0.008578459116483583,0.0,HyPhysML-MC,88
single_column,SDD,10,1,0.979797025377783,3.1860778685362567,-0.008578459116483583,0.0,HyPhysML-MC,88
raw_propagated,SDD,10,2,0.980841632095177,3.1026156668935103,-0.007533852399089547,0.0,HyPhysML-MC,88
single_column,SDD,10,2,0.980841632095177,3.1026156668935103,-0.007533852399089547,0.0,HyPhysML-MC,88
raw_propagated,SDD,10,3,0.9804539893180468,3.133847021491045,-0.007921495176219762,0.0,HyPhysML-MC,88
single_column,SDD,10,3,0.9804539893180468,3.133847021491045,-0.007921495176219762,0.0,HyPhysML-MC,88
raw_propagated,SDD,10,4,0.9801329687069463,3.1594771196613554,-0.00824251578732027,0.0,HyPhysML-MC,88
single_column,SDD,10,4,0.9801329687069463,3.1594771196613554,-0.00824251578732027,0.0,HyPhysML-MC,88
raw_propagated,SDD,15,0,0.9790971547309665,3.2407940258276446,-0.00927832976330012,0.0,HyPhysML-MC,88
single_column,SDD,15,0,0.9790971547309665,3.2407940258276446,-0.00927832976330012,0.0,HyPhysML-MC,88
raw_propagated,SDD,15,1,0.9793166755624547,3.2237317672319508,-0.00905880893181188,0.0,HyPhysML-MC,88
single_column,SDD,15,1,0.9793166755624547,3.2237317672319508,-0.00905880893181188,0.0,HyPhysML-MC,88
raw_propagated,SDD,15,2,0.9795342201568545,3.2067335510032224,-0.008841264337412058,0.0,HyPhysML-MC,88
single_column,SDD,15,2,0.9795342201568545,3.2067335510032224,-0.008841264337412058,0.0,HyPhysML-MC,88
raw_propagated,SDD,15,3,0.9796509150495373,3.1975781611829923,-0.008724569444729324,0.0,HyPhysML-MC,88
single_column,SDD,15,3,0.9796509150495373,3.1975781611829923,-0.008724569444729324,0.0,HyPhysML-MC,88
raw_propagated,SDD,15,4,0.9795450036815561,3.2058886174848147,-0.00883048081271054,0.0,HyPhysML-MC,88
single_column,SDD,15,4,0.9795450036815561,3.2058886174848147,-0.00883048081271054,0.0,HyPhysML-MC,88
raw_propagated,SDD,20,0,0.9787207792763993,3.2698406336200088,-0.009654705217867265,0.0,HyPhysML-MC,88
single_column,SDD,20,0,0.9787207792763993,3.2698406336200088,-0.009654705217867265,0.0,HyPhysML-MC,88
raw_propagated,SDD,20,1,0.9759752228378491,3.4743887552396484,-0.0124002616564175,0.0,HyPhysML-MC,88
single_column,SDD,20,1,0.9759752228378491,3.4743887552396484,-0.0124002616564175,0.0,HyPhysML-MC,88
raw_propagated,SDD,20,2,0.9733995859163939,3.6558883612023,-0.014975898577872737,0.07507507507507508,HyPhysML-MC,88
single_column,SDD,20,2,0.9733995859163939,3.6558883612023,-0.014975898577872737,0.0,HyPhysML-MC,88
raw_propagated,SDD,20,3,0.9772530050596161,3.380731982977564,-0.0111224794346505,0.0,HyPhysML-MC,88
single_column,SDD,20,3,0.9772530050596161,3.380731982977564,-0.0111224794346505,0.0,HyPhysML-MC,88
raw_propagated,SDD,20,4,0.9770295028881719,3.397300192354144,-0.01134598160609468,0.0,HyPhysML-MC,88
single_column,SDD,20,4,0.9770295028881719,3.397300192354144,-0.01134598160609468,0.0,HyPhysML-MC,88
raw_propagated,RH,5,0,0.9802458536144306,3.1504882235552505,-0.00812963087983598,0.0,HyPhysML-MC,88
single_column,RH,5,0,0.9802458536144306,3.1504882235552505,-0.00812963087983598,0.0,HyPhysML-MC,88
raw_propagated,RH,5,1,0.9794415643404336,3.2139843614279973,-0.008933920153832986,0.0,HyPhysML-MC,88
single_column,RH,5,1,0.9794415643404336,3.2139843614279973,-0.008933920153832986,0.0,HyPhysML-MC,88
raw_propagated,RH,5,2,0.9801356485895695,3.15926402004781,-0.008239835904697124,0.0,HyPhysML-MC,88
single_column,RH,5,2,0.9801356485895695,3.15926402004781,-0.008239835904697124,0.0,HyPhysML-MC,88
raw_propagated,RH,5,3,0.9790506939621296,3.2443936842739065,-0.009324790532136973,0.0,HyPhysML-MC,88
single_column,RH,5,3,0.9790506939621296,3.2443936842739065,-0.009324790532136973,0.0,HyPhysML-MC,88
raw_propagated,RH,5,4,0.9799933981642742,3.1705557292175466,-0.008382086329992378,0.0,HyPhysML-MC,88
single_column,RH,5,4,0.9799933981642742,3.1705557292175466,-0.008382086329992378,0.0,HyPhysML-MC,88
raw_propagated,RH,10,0,0.979597718142689,3.201755013427156,-0.008777766351577565,0.0,HyPhysML-MC,88
single_column,RH,10,0,0.979597718142689,3.201755013427156,-0.008777766351577565,0.0,HyPhysML-MC,88
raw_propagated,RH,10,1,0.9807448263054334,3.1104444314314117,-0.007630658188833239,0.0,HyPhysML-MC,88
single_column,RH,10,1,0.9807448263054334,3.1104444314314117,-0.007630658188833239,0.0,HyPhysML-MC,88
raw_propagated,RH,10,2,0.9792495175197438,3.228961198783981,-0.009125966974522837,0.0,HyPhysML-MC,88
single_column,RH,10,2,0.9792495175197438,3.228961198783981,-0.009125966974522837,0.0,HyPhysML-MC,88
raw_propagated,RH,10,3,0.9792546495664739,3.2285618778402796,-0.009120834927792698,0.0,HyPhysML-MC,88
single_column,RH,10,3,0.9792546495664739,3.2285618778402796,-0.009120834927792698,0.0,HyPhysML-MC,88
raw_propagated,RH,10,4,0.9793649884311804,3.2199645105019754,-0.009010496063086237,0.0,HyPhysML-MC,88
single_column,RH,10,4,0.9793649884311804,3.2199645105019754,-0.009010496063086237,0.0,HyPhysML-MC,88
raw_propagated,RH,15,0,0.978005966829683,3.3243073097510534,-0.010369517664583605,0.0,HyPhysML-MC,88
single_column,RH,15,0,0.978005966829683,3.3243073097510534,-0.010369517664583605,0.0,HyPhysML-MC,88
raw_propagated,RH,15,1,0.976493428062603,3.436713873425783,-0.011882056431663623,0.0,HyPhysML-MC,88
single_column,RH,15,1,0.976493428062603,3.436713873425783,-0.011882056431663623,0.0,HyPhysML-MC,88
raw_propagated,RH,15,2,0.9755876733949986,3.5022997450082785,-0.012787811099267965,0.0,HyPhysML-MC,88
single_column,RH,15,2,0.9755876733949986,3.5022997450082785,-0.012787811099267965,0.0,HyPhysML-MC,88
raw_propagated,RH,15,3,0.9748935916521446,3.551738809615017,-0.013481892842121979,0.0,HyPhysML-MC,88
single_column,RH,15,3,0.9748935916521446,3.551738809615017,-0.013481892842121979,0.0,HyPhysML-MC,88
raw_propagated,RH,15,4,0.9749837282606952,3.545357380118575,-0.013391756233571361,0.0,HyPhysML-MC,88
single_column,RH,15,4,0.9749837282606952,3.545357380118575,-0.013391756233571361,0.0,HyPhysML-MC,88
raw_propagated,RH,20,0,0.9720050512016168,3.75049478112279,-0.016370433292649755,0.0,HyPhysML-MC,88
single_column,RH,20,0,0.9720050512016168,3.75049478112279,-0.016370433292649755,0.0,HyPhysML-MC,88
raw_propagated,RH,20,1,0.9707926296021278,3.830848312360315,-0.017582854892138844,0.0,HyPhysML-MC,88
single_column,RH,20,1,0.9707926296021278,3.830848312360315,-0.017582854892138844,0.0,HyPhysML-MC,88
raw_propagated,RH,20,2,0.9710821248811219,3.8118158858679085,-0.01729335961314471,0.0,HyPhysML-MC,88
single_column,RH,20,2,0.9710821248811219,3.8118158858679085,-0.01729335961314471,0.0,HyPhysML-MC,88
raw_propagated,RH,20,3,0.9717902557838484,3.764855402896854,-0.01658522871041823,0.0,HyPhysML-MC,88
single_column,RH,20,3,0.9717902557838484,3.764855402896854,-0.01658522871041823,0.0,HyPhysML-MC,88
raw_propagated,RH,20,4,0.972305131057107,3.7303397139998693,-0.016070353437159568,0.0,HyPhysML-MC,88
single_column,RH,20,4,0.972305131057107,3.7303397139998693,-0.016070353437159568,0.0,HyPhysML-MC,88
raw_propagated,Aging,5,0,0.9845422122998593,2.7869064832135395,-0.0038332721944073223,11.411411411411411,HyPhysML-MC,88
single_column,Aging,5,0,0.9845422122998593,2.7869064832135395,-0.0038332721944073223,0.0,HyPhysML-MC,88
raw_propagated,Aging,5,1,0.9847157765392904,2.7712162437829253,-0.0036597079549761657,11.486486486486488,HyPhysML-MC,88
single_column,Aging,5,1,0.9847157765392904,2.7712162437829253,-0.0036597079549761657,0.0,HyPhysML-MC,88
raw_propagated,Aging,5,2,0.984068009358196,2.8293309349482385,-0.004307475136070549,12.087087087087086,HyPhysML-MC,88
single_column,Aging,5,2,0.984068009358196,2.8293309349482385,-0.004307475136070549,0.0,HyPhysML-MC,88
raw_propagated,Aging,5,3,0.9846033014448154,2.781394107274404,-0.00377218304945115,12.162162162162163,HyPhysML-MC,88
single_column,Aging,5,3,0.9846033014448154,2.781394107274404,-0.00377218304945115,0.0,HyPhysML-MC,88
raw_propagated,Aging,5,4,0.9846322078271863,2.7787819299515935,-0.0037432766670802975,11.486486486486488,HyPhysML-MC,88
single_column,Aging,5,4,0.9846322078271863,2.7787819299515935,-0.0037432766670802975,0.0,HyPhysML-MC,88
raw_propagated,Aging,10,0,0.9845805857214679,2.78344513438709,-0.003794898772798705,11.411411411411411,HyPhysML-MC,88
single_column,Aging,10,0,0.9845805857214679,2.78344513438709,-0.003794898772798705,0.0,HyPhysML-MC,88
raw_propagated,Aging,10,1,0.9843974374511355,2.7999268990239634,-0.003978047043131094,11.036036036036036,HyPhysML-MC,88
single_column,Aging,10,1,0.9843974374511355,2.7999268990239634,-0.003978047043131094,0.0,HyPhysML-MC,88
raw_propagated,Aging,10,2,0.98537478636978,2.7108147245983676,-0.003000698124486556,11.786786786786786,HyPhysML-MC,88
single_column,Aging,10,2,0.98537478636978,2.7108147245983676,-0.003000698124486556,0.0,HyPhysML-MC,88
raw_propagated,Aging,10,3,0.9852800563893633,2.719579756914366,-0.003095428104903264,12.762762762762764,HyPhysML-MC,88
single_column,Aging,10,3,0.9852800563893633,2.719579756914366,-0.003095428104903264,0.0,HyPhysML-MC,88
raw_propagated,Aging,10,4,0.9847580561734948,2.7673806826043426,-0.0036174283207718316,12.312312312312311,HyPhysML-MC,88
single_column,Aging,10,4,0.9847580561734948,2.7673806826043426,-0.0036174283207718316,0.0,HyPhysML-MC,88
raw_propagated,Aging,15,0,0.9840839055737132,2.8279190938422345,-0.004291578920553429,10.585585585585585,HyPhysML-MC,88
single_column,Aging,15,0,0.9840839055737132,2.8279190938422345,-0.004291578920553429,0.0,HyPhysML-MC,88
raw_propagated,Aging,15,1,0.9844066078179816,2.799103953093179,-0.0039688766762849825,11.636636636636636,HyPhysML-MC,88
single_column,Aging,15,1,0.9844066078179816,2.799103953093179,-0.0039688766762849825,0.0,HyPhysML-MC,88
raw_propagated,Aging,15,2,0.9845718993978106,2.7842290325548666,-0.0038035850964559526,12.237237237237238,HyPhysML-MC,88
single_column,Aging,15,2,0.9845718993978106,2.7842290325548666,-0.0038035850964559526,0.0,HyPhysML-MC,88
raw_propagated,Aging,15,3,0.9851944775741149,2.727473846926249,-0.0031810069201516633,11.486486486486488,HyPhysML-MC,88
single_column,Aging,15,3,0.9851944775741149,2.727473846926249,-0.0031810069201516633,0.0,HyPhysML-MC,88
raw_propagated,Aging,15,4,0.9850687259377048,2.7390323409987496,-0.0033067585565618174,12.012012012012011,HyPhysML-MC,88
single_column,Aging,15,4,0.9850687259377048,2.7390323409987496,-0.0033067585565618174,0.0,HyPhysML-MC,88
raw_propagated,Aging,20,0,0.9836560129702818,2.8656802540648503,-0.004719471523984775,10.36036036036036,HyPhysML-MC,88
single_column,Aging,20,0,0.9836560129702818,2.8656802540648503,-0.004719471523984775,0.0,HyPhysML-MC,88
raw_propagated,Aging,20,1,0.9834535615707052,2.8833740829719448,-0.004921922923561417,10.585585585585585,HyPhysML-MC,88
single_column,Aging,20,1,0.9834535615707052,2.8833740829719448,-0.004921922923561417,0.0,HyPhysML-MC,88
raw_propagated,Aging,20,2,0.9826097903402129,2.9559775794801375,-0.005765694154053702,12.312312312312311,HyPhysML-MC,88
single_column,Aging,20,2,0.9826097903402129,2.9559775794801375,-0.005765694154053702,0.0,HyPhysML-MC,88
raw_propagated,Aging,20,3,0.982849454083804,2.9355379619684507,-0.0055260304104626234,10.885885885885886,HyPhysML-MC,88
single_column,Aging,20,3,0.982849454083804,2.9355379619684507,-0.0055260304104626234,0.0,HyPhysML-MC,88
raw_propagated,Aging,20,4,0.9838408309316021,2.849431618704698,-0.00453465356266447,11.561561561561561,HyPhysML-MC,88
single_column,Aging,20,4,0.9838408309316021,2.849431618704698,-0.00453465356266447,0.0,HyPhysML-MC,88
raw_propagated,SDD,5,0,0.9862674662516034,2.6344100679712317,-0.002894812416521897,0.0,HyPhysML,55
single_column,SDD,5,0,0.9891543560197247,2.341184887430178,-7.922648400660037e-06,0.0,HyPhysML,55
raw_propagated,SDD,5,1,0.9861873327917787,2.6420851746953895,-0.002974945876346613,0.0,HyPhysML,55
single_column,SDD,5,1,0.9891552375175943,2.3410897436365072,-7.041150531073015e-06,0.0,HyPhysML,55
raw_propagated,SDD,5,2,0.9865390885640206,2.6082263216644224,-0.0026231901041047223,0.0,HyPhysML,55
single_column,SDD,5,2,0.9891543054012785,2.341190350775785,-7.973266846872384e-06,0.0,HyPhysML,55
raw_propagated,SDD,5,3,0.9855107397821598,2.706020896738373,-0.0036515388859655884,0.0,HyPhysML,55
single_column,SDD,5,3,0.9891563881568312,2.340965544458492,-5.890511294182055e-06,0.0,HyPhysML,55
raw_propagated,SDD,5,4,0.9866120696198862,2.601146198584943,-0.002550209048239105,0.0,HyPhysML,55
single_column,SDD,5,4,0.9891588962815436,2.3406947964285623,-3.3823865817073084e-06,0.0,HyPhysML,55
raw_propagated,SDD,10,0,0.9815771106345341,3.0513140725425254,-0.007585168033591216,0.0,HyPhysML,55
single_column,SDD,10,0,0.989160674612861,2.3405028094462415,-1.6040552643925565e-06,0.0,HyPhysML,55
raw_propagated,SDD,10,1,0.9814326599582701,3.063253127106374,-0.007729618709855224,0.0,HyPhysML,55
single_column,SDD,10,1,0.9891515134802755,2.341491668402445,-1.076518784981495e-05,0.0,HyPhysML,55
raw_propagated,SDD,10,2,0.9830233672591396,2.929097423057248,-0.006138911408985703,0.0,HyPhysML,55
single_column,SDD,10,2,0.9891645916365782,2.3400798756803844,2.3129684528777616e-06,0.0,HyPhysML,55
raw_propagated,SDD,10,3,0.9814240376161976,3.0639643046526714,-0.0077382410519277744,0.0,HyPhysML,55
single_column,SDD,10,3,0.9891583219281748,2.340756799715826,-3.956739950572441e-06,0.0,HyPhysML,55
raw_propagated,SDD,10,4,0.9813563815709885,3.0695389095310044,-0.00780589709713686,0.0,HyPhysML,55
single_column,SDD,10,4,0.9891518814874118,2.341451953509969,-1.0397180713495047e-05,0.0,HyPhysML,55
raw_propagated,SDD,15,0,0.9769709249808075,3.411507160971218,-0.01219135368731783,0.0,HyPhysML,55
single_column,SDD,15,0,0.989156413229262,2.340962838084856,-5.865438863383865e-06,0.0,HyPhysML,55
raw_propagated,SDD,15,1,0.9766327719110963,3.4364627354412995,-0.012529506757029019,0.0,HyPhysML,55
single_column,SDD,15,1,0.9891514239969266,2.3415013252372265,-1.0854671198767818e-05,0.0,HyPhysML,55
raw_propagated,SDD,15,2,0.976374429735372,3.4554068513362877,-0.01278784893275331,0.0,HyPhysML,55
single_column,SDD,15,2,0.9891651127962188,2.340023598620459,2.8341280934318647e-06,0.0,HyPhysML,55
raw_propagated,SDD,15,3,0.9771482056473356,3.398350690077818,-0.012014073020789717,0.0,HyPhysML,55
single_column,SDD,15,3,0.9891531218323916,2.3413180919932413,-9.15683573377013e-06,0.0,HyPhysML,55
raw_propagated,SDD,15,4,0.9775612486783823,3.3674982810917053,-0.011601029989742995,0.0,HyPhysML,55
single_column,SDD,15,4,0.9891609923714433,2.340468502869094,-1.286296682057042e-06,0.0,HyPhysML,55
raw_propagated,SDD,20,0,0.9710632033525901,3.824135446706725,-0.01809907531553523,0.0,HyPhysML,55
single_column,SDD,20,0,0.9891506561257079,2.3415841904750927,-1.1622542417488724e-05,0.0,HyPhysML,55
raw_propagated,SDD,20,1,0.971472539403443,3.7969912562856067,-0.017689739264682314,0.0,HyPhysML,55
single_column,SDD,20,1,0.9891614109838603,2.3404233069124825,-8.676842649935068e-07,0.0,HyPhysML,55
raw_propagated,SDD,20,2,0.9702702446333553,3.8761779594602745,-0.018892034034770022,0.0,HyPhysML,55
single_column,SDD,20,2,0.989169431947861,2.339557145946828,7.1532797356610445e-06,0.0,HyPhysML,55
raw_propagated,SDD,20,3,0.9705307848824742,3.8591559102905255,-0.0186314937856511,0.07507507507507508,HyPhysML,55
single_column,SDD,20,3,0.9891469545722538,2.341983604485083,-1.5324095871571686e-05,0.0,HyPhysML,55
raw_propagated,SDD,20,4,0.970796490424188,3.8417187146811598,-0.01836578824393731,0.0,HyPhysML,55
single_column,SDD,20,4,0.9891397843273358,2.3427571119530364,-2.249434078949175e-05,0.0,HyPhysML,55
raw_propagated,RH,5,0,0.9886923062178531,2.390534740629488,-0.0004699724502722491,0.0,HyPhysML,55
single_column,RH,5,0,0.9890053870835562,2.3572085729499888,-0.00015689158456910768,0.0,HyPhysML,55
raw_propagated,RH,5,1,0.9886047286727437,2.3997741737545715,-0.000557549995381601,0.0,HyPhysML,55
single_column,RH,5,1,0.9889689323640702,2.361113224498842,-0.00019334630405509756,0.0,HyPhysML,55
raw_propagated,RH,5,2,0.9889739292772034,2.3605783889559695,-0.00018834939092193803,0.0,HyPhysML,55
single_column,RH,5,2,0.9891205235186625,2.3448336548492272,-4.175514946280767e-05,0.0,HyPhysML,55
raw_propagated,RH,5,3,0.9887160935355718,2.3880190045497796,-0.00044618513255356707,0.0,HyPhysML,55
single_column,RH,5,3,0.9890036080648159,2.357399273097197,-0.00015867060330942984,0.0,HyPhysML,55
raw_propagated,RH,5,4,0.9887521273639269,2.3842030267095073,-0.00041015130419841395,0.0,HyPhysML,55
single_column,RH,5,4,0.9890392787773268,2.353572635363423,-0.00012299989079855855,0.0,HyPhysML,55
raw_propagated,RH,10,0,0.9878873867070921,2.474155355305987,-0.0012748919610332532,0.0,HyPhysML,55
single_column,RH,10,0,0.9890079031969403,2.3569388343311592,-0.00015437547118501982,0.0,HyPhysML,55
raw_propagated,RH,10,1,0.9878769001835536,2.4752261265188022,-0.0012853784845717753,0.0,HyPhysML,55
single_column,RH,10,1,0.9889751701411189,2.360445556552112,-0.00018710852700642988,0.0,HyPhysML,55
raw_propagated,RH,10,2,0.9880110842629309,2.4614895358614794,-0.0011511944051944,0.0,HyPhysML,55
single_column,RH,10,2,0.9889411160904789,2.364088277422452,-0.00022116257764648317,0.0,HyPhysML,55
raw_propagated,RH,10,3,0.9869252357032925,2.570543598058206,-0.002237042964832847,0.0,HyPhysML,55
single_column,RH,10,3,0.988673642757018,2.3925067279285273,-0.0004886359111073713,0.0,HyPhysML,55
raw_propagated,RH,10,4,0.9876008246695646,2.5032512433637217,-0.00156145399856078,0.0,HyPhysML,55
single_column,RH,10,4,0.9889216434408703,2.366168723155486,-0.00024063522725503717,0.0,HyPhysML,55
raw_propagated,RH,15,0,0.9844425957090137,2.8039909584686677,-0.004719682959111626,0.0,HyPhysML,55
single_column,RH,15,0,0.9883553394310997,2.425891969547532,-0.0008069392370256834,0.0,HyPhysML,55
raw_propagated,RH,15,1,0.983001327186918,2.930998170402818,-0.006160951481207322,0.0,HyPhysML,55
single_column,RH,15,1,0.9878628702745659,2.4766579862031524,-0.0012994083935594647,0.0,HyPhysML,55
raw_propagated,RH,15,2,0.9844969199325101,2.799091110291291,-0.004665358735615244,0.0,HyPhysML,55
single_column,RH,15,2,0.9883574865501694,2.425668308282229,-0.0008047921179559214,0.0,HyPhysML,55
raw_propagated,RH,15,3,0.9837896550426927,2.862227620475204,-0.005372623625432671,0.0,HyPhysML,55
single_column,RH,15,3,0.9880659579323918,2.4558499151927022,-0.0010963207357335136,0.0,HyPhysML,55
raw_propagated,RH,15,4,0.9843044492058021,2.816412870672229,-0.004857829462323271,0.0,HyPhysML,55
single_column,RH,15,4,0.9882347901093494,2.4384164508193837,-0.0009274885587758908,0.0,HyPhysML,55
raw_propagated,RH,20,0,0.9778116189526596,3.348658405725791,-0.011350659715465783,0.0,HyPhysML,55
single_column,RH,20,0,0.9868298582847872,2.5799023257686566,-0.0023324203833381407,0.0,HyPhysML,55
raw_propagated,RH,20,1,0.9787494013503106,3.277129658891777,-0.010412877317814706,0.0,HyPhysML,55
single_column,RH,20,1,0.987024734053971,2.5607440600888616,-0.0021375446141543852,0.0,HyPhysML,55
raw_propagated,RH,20,2,0.9767239799827925,3.4297494961024473,-0.01243829868533286,0.0,HyPhysML,55
single_column,RH,20,2,0.98627455256056,2.6337302716227873,-0.0028877261075653804,0.0,HyPhysML,55
raw_propagated,RH,20,3,0.9777728769057655,3.351580595037391,-0.011389401762359808,0.0,HyPhysML,55
single_column,RH,20,3,0.9867674927859842,2.5860035079709984,-0.0023947858821411483,0.0,HyPhysML,55
raw_propagated,RH,20,4,0.9795655217676059,3.21358518429239,-0.009596756900519421,0.0,HyPhysML,55
single_column,RH,20,4,0.9873430364001112,2.529139622817694,-0.0018192422680141096,0.0,HyPhysML,55
raw_propagated,Aging,5,0,0.9885438401858802,2.406177002808645,-0.0006184384822451872,14.714714714714713,HyPhysML,55
single_column,Aging,5,0,0.9890368422539895,2.35383421559525,-0.00012543641413587103,0.0,HyPhysML,55
raw_propagated,Aging,5,1,0.9886085391695828,2.3993729065877583,-0.0005537394985425381,13.88888888888889,HyPhysML,55
single_column,Aging,5,1,0.9891174311703097,2.34516687526303,-4.484749781563657e-05,0.0,HyPhysML,55
raw_propagated,Aging,5,2,0.9885213568284845,2.4085369742716694,-0.0006409218396408178,16.216216216216218,HyPhysML,55
single_column,Aging,5,2,0.9890454451040943,2.352910501029313,-0.00011683356403102696,0.0,HyPhysML,55
raw_propagated,Aging,5,3,0.9886168646327667,2.398495954005419,-0.0005454140353586823,13.138138138138139,HyPhysML,55
single_column,Aging,5,3,0.9890726212062891,2.349990133950158,-8.965746183620116e-05,0.0,HyPhysML,55
raw_propagated,Aging,5,4,0.9885374077497665,2.4068524214528892,-0.000624870918358833,13.213213213213212,HyPhysML,55
single_column,Aging,5,4,0.9890138536456419,2.3563007967283376,-0.00014842502248346712,0.0,HyPhysML,55
raw_propagated,Aging,10,0,0.9876849334010228,2.4947465020769877,-0.0014773452671025256,14.48948948948949,HyPhysML,55
single_column,Aging,10,0,0.9890869113963886,2.3484530410824194,-7.536727173673707e-05,0.0,HyPhysML,55
raw_propagated,Aging,10,1,0.9875168991991065,2.511708750861621,-0.0016453794690188817,14.264264264264265,HyPhysML,55
single_column,Aging,10,1,0.9890615168132413,2.3511838597503223,-0.0001007618548840572,0.0,HyPhysML,55
raw_propagated,Aging,10,2,0.9878427204729303,2.4787129807936674,-0.0013195581951950253,14.414414414414415,HyPhysML,55
single_column,Aging,10,2,0.9890963189326012,2.3474405907492253,-6.595973552414591e-05,0.0,HyPhysML,55
raw_propagated,Aging,10,3,0.9875090208964497,2.512501217448535,-0.0016532577716756869,14.93993993993994,HyPhysML,55
single_column,Aging,10,3,0.9890293381453293,2.3546396589985332,-0.000132940522795999,0.0,HyPhysML,55
raw_propagated,Aging,10,4,0.9877101442694015,2.492191625616404,-0.0014521343987238255,14.63963963963964,HyPhysML,55
single_column,Aging,10,4,0.9890713631278567,2.350125408240049,-9.091554026863236e-05,0.0,HyPhysML,55
raw_propagated,Aging,15,0,0.9871300061414238,2.5503348751086414,-0.002032272526701573,14.48948948948949,HyPhysML,55
single_column,Aging,15,0,0.9891012664414703,2.3469079586582207,-6.10122266549995e-05,0.0,HyPhysML,55
raw_propagated,Aging,15,1,0.9862510042089829,2.6359886106672223,-0.00291127445914241,14.714714714714713,HyPhysML,55
single_column,Aging,15,1,0.9889649630339807,2.361537988226984,-0.0001973156341446014,0.0,HyPhysML,55
raw_propagated,Aging,15,2,0.9868077555497329,2.5820662733650512,-0.0023545231183924598,13.813813813813812,HyPhysML,55
single_column,Aging,15,2,0.9890955784578492,2.3475202973624603,-6.670021027610495e-05,0.0,HyPhysML,55
raw_propagated,Aging,15,3,0.9870744594933243,2.555832547879393,-0.0020878191748010533,13.963963963963963,HyPhysML,55
single_column,Aging,15,3,0.9890699993412965,2.3502720399517654,-9.227932682887019e-05,0.0,HyPhysML,55
raw_propagated,Aging,15,4,0.9872046239428226,2.5429309471320676,-0.0019576547253027377,14.564564564564563,HyPhysML,55
single_column,Aging,15,4,0.9891278221338557,2.3440469943046667,-3.4456534269589056e-05,0.0,HyPhysML,55
raw_propagated,Aging,20,0,0.984549339308539,2.79435492729417,-0.004612939359586288,13.063063063063062,HyPhysML,55
single_column,Aging,20,0,0.9885643470787933,2.4040224712642093,-0.0005979315893320791,0.0,HyPhysML,55
raw_propagated,Aging,20,1,0.9848008272662467,2.7715199895521683,-0.004361451401878602,14.63963963963964,HyPhysML,55
single_column,Aging,20,1,0.988604779486186,2.39976882324914,-0.0005574991819393693,0.0,HyPhysML,55
raw_propagated,Aging,20,2,0.9845413072870787,2.7950811552216326,-0.004620971381046668,14.48948948948949,HyPhysML,55
single_column,Aging,20,2,0.9886241086514475,2.3977326531195535,-0.0005381700166778858,0.0,HyPhysML,55
raw_propagated,Aging,20,3,0.985089106134536,2.7451108063759695,-0.004073172533589298,14.93993993993994,HyPhysML,55
single_column,Aging,20,3,0.9886285144370259,2.397268297464018,-0.0005337642310994095,0.0,HyPhysML,55
raw_propagated,Aging,20,4,0.9838942295975175,2.852980424532518,-0.00526804907060785,13.213213213213212,HyPhysML,55
single_column,Aging,20,4,0.988428260611171,2.4182843317518703,-0.0007340180569543886,0.0,HyPhysML,55
raw_propagated,SDD,5,0,0.9875475620258882,2.5086220401028747,-0.00025114872374631947,0.0,HyPhysML-MC,55
single_column,SDD,5,0,0.9875475620258882,2.5086220401028747,-0.00025114872374631947,0.0,HyPhysML-MC,55
raw_propagated,SDD,5,1,0.9875238781280311,2.511006542019178,-0.000274832621603438,0.0,HyPhysML-MC,55
single_column,SDD,5,1,0.9875238781280311,2.511006542019178,-0.000274832621603438,0.0,HyPhysML-MC,55
raw_propagated,SDD,5,2,0.9874753084817762,2.5158894789872717,-0.00032340226785831927,0.0,HyPhysML-MC,55
single_column,SDD,5,2,0.9874753084817762,2.5158894789872717,-0.00032340226785831927,0.0,HyPhysML-MC,55
raw_propagated,SDD,5,3,0.9874595464152752,2.5174720787909983,-0.0003391643343593209,0.0,HyPhysML-MC,55
single_column,SDD,5,3,0.9874595464152752,2.5174720787909983,-0.0003391643343593209,0.0,HyPhysML-MC,55
raw_propagated,SDD,5,4,0.9875843059009054,2.5049181632972473,-0.0002144048487291439,0.0,HyPhysML-MC,55
single_column,SDD,5,4,0.9875843059009054,2.5049181632972473,-0.0002144048487291439,0.0,HyPhysML-MC,55
raw_propagated,SDD,10,0,0.9874453200982475,2.5188996270116832,-0.0003533906513870644,0.0,HyPhysML-MC,55
single_column,SDD,10,0,0.9874453200982475,2.5188996270116832,-0.0003533906513870644,0.0,HyPhysML-MC,55
raw_propagated,SDD,10,1,0.9876142334211397,2.5018973406772376,-0.00018447732849480314,0.0,HyPhysML-MC,55
single_column,SDD,10,1,0.9876142334211397,2.5018973406772376,-0.00018447732849480314,0.0,HyPhysML-MC,55
raw_propagated,SDD,10,2,0.9877001913190198,2.493200573164239,-9.851943061478519e-05,0.0,HyPhysML-MC,55
single_column,SDD,10,2,0.9877001913190198,2.493200573164239,-9.851943061478519e-05,0.0,HyPhysML-MC,55
raw_propagated,SDD,10,3,0.9875621251809196,2.507154691319419,-0.00023658556871497538,0.0,HyPhysML-MC,55
single_column,SDD,10,3,0.9875621251809196,2.507154691319419,-0.00023658556871497538,0.0,HyPhysML-MC,55
raw_propagated,SDD,10,4,0.9873454231205486,2.5289011519643143,-0.0004532876290859189,0.0,HyPhysML-MC,55
single_column,SDD,10,4,0.9873454231205486,2.5289011519643143,-0.0004532876290859189,0.0,HyPhysML-MC,55
raw_propagated,SDD,15,0,0.9866852118247661,2.5940310535310753,-0.0011134989248684501,0.0,HyPhysML-MC,55
single_column,SDD,15,0,0.9866852118247661,2.5940310535310753,-0.0011134989248684501,0.0,HyPhysML-MC,55
raw_propagated,SDD,15,1,0.986285868437656,2.6326443648263034,-0.0015128423119785683,0.0,HyPhysML-MC,55
single_column,SDD,15,1,0.986285868437656,2.6326443648263034,-0.0015128423119785683,0.0,HyPhysML-MC,55
raw_propagated,SDD,15,2,0.9871253754919059,2.5507936416392063,-0.0006733352577286134,0.0,HyPhysML-MC,55
single_column,SDD,15,2,0.9871253754919059,2.5507936416392063,-0.0006733352577286134,0.0,HyPhysML-MC,55
raw_propagated,SDD,15,3,0.9862690651643427,2.634256698079298,-0.0015296455852918944,0.0,HyPhysML-MC,55
single_column,SDD,15,3,0.9862690651643427,2.634256698079298,-0.0015296455852918944,0.0,HyPhysML-MC,55
raw_propagated,SDD,15,4,0.9860126858512271,2.6587359290756765,-0.0017860248984074012,0.0,HyPhysML-MC,55
single_column,SDD,15,4,0.9860126858512271,2.6587359290756765,-0.0017860248984074012,0.0,HyPhysML-MC,55
raw_propagated,SDD,20,0,0.9829012337690374,2.939614814365995,-0.004897476980597171,0.0,HyPhysML-MC,55
single_column,SDD,20,0,0.9829012337690374,2.939614814365995,-0.004897476980597171,0.0,HyPhysML-MC,55
raw_propagated,SDD,20,1,0.9823010693962893,2.990759928661775,-0.005497641353345295,0.0,HyPhysML-MC,55
single_column,SDD,20,1,0.9823010693962893,2.990759928661775,-0.005497641353345295,0.0,HyPhysML-MC,55
raw_propagated,SDD,20,2,0.9819673218590138,3.018826513023027,-0.005831388890620737,0.0,HyPhysML-MC,55
single_column,SDD,20,2,0.9819673218590138,3.018826513023027,-0.005831388890620737,0.0,HyPhysML-MC,55
raw_propagated,SDD,20,3,0.9823467402025419,2.9868987166598373,-0.005451970547092677,0.07507507507507508,HyPhysML-MC,55
single_column,SDD,20,3,0.9823467402025419,2.9868987166598373,-0.005451970547092677,0.0,HyPhysML-MC,55
raw_propagated,SDD,20,4,0.9828293421904376,2.945788121696574,-0.0049693685591969405,0.0,HyPhysML-MC,55
single_column,SDD,20,4,0.9828293421904376,2.945788121696574,-0.0049693685591969405,0.0,HyPhysML-MC,55
raw_propagated,RH,5,0,0.9875668789221405,2.5066755297347245,-0.00023183182749408893,0.0,HyPhysML-MC,55
single_column,RH,5,0,0.9875668789221405,2.5066755297347245,-0.00023183182749408893,0.0,HyPhysML-MC,55
raw_propagated,RH,5,1,0.9875033947985422,2.5130669852066676,-0.0002953159510923342,0.0,HyPhysML-MC,55
single_column,RH,5,1,0.9875033947985422,2.5130669852066676,-0.0002953159510923342,0.0,HyPhysML-MC,55
raw_propagated,RH,5,2,0.9876427294126405,2.499017619879254,-0.0001559813369940155,0.0,HyPhysML-MC,55
single_column,RH,5,2,0.9876427294126405,2.499017619879254,-0.0001559813369940155,0.0,HyPhysML-MC,55
raw_propagated,RH,5,3,0.9875814377901393,2.5052074732557674,-0.0002172729594952516,0.0,HyPhysML-MC,55
single_column,RH,5,3,0.9875814377901393,2.5052074732557674,-0.0002172729594952516,0.0,HyPhysML-MC,55
raw_propagated,RH,5,4,0.9875911769950138,2.504224931398302,-0.00020753375462079227,0.0,HyPhysML-MC,55
single_column,RH,5,4,0.9875911769950138,2.504224931398302,-0.00020753375462079227,0.0,HyPhysML-MC,55
raw_propagated,RH,10,0,0.987396652736812,2.5237770762191265,-0.00040205801282255926,0.0,HyPhysML-MC,55
single_column,RH,10,0,0.987396652736812,2.5237770762191265,-0.00040205801282255926,0.0,HyPhysML-MC,55
raw_propagated,RH,10,1,0.9874979444105697,2.5136149619039183,-0.00030076633906483963,0.0,HyPhysML-MC,55
single_column,RH,10,1,0.9874979444105697,2.5136149619039183,-0.00030076633906483963,0.0,HyPhysML-MC,55
raw_propagated,RH,10,2,0.9868740724901564,2.5755681192341053,-0.0009246382594781943,0.0,HyPhysML-MC,55
single_column,RH,10,2,0.9868740724901564,2.5755681192341053,-0.0009246382594781943,0.0,HyPhysML-MC,55
raw_propagated,RH,10,3,0.9862811590895362,2.6330963429396674,-0.0015175516600983707,0.0,HyPhysML-MC,55
single_column,RH,10,3,0.9862811590895362,2.6330963429396674,-0.0015175516600983707,0.0,HyPhysML-MC,55
raw_propagated,RH,10,4,0.9870527540953404,2.557977606830266,-0.000745956654294111,0.0,HyPhysML-MC,55
single_column,RH,10,4,0.9870527540953404,2.557977606830266,-0.000745956654294111,0.0,HyPhysML-MC,55
raw_propagated,RH,15,0,0.982845451150248,2.944405975535677,-0.004953259599386528,0.0,HyPhysML-MC,55
single_column,RH,15,0,0.982845451150248,2.944405975535677,-0.004953259599386528,0.0,HyPhysML-MC,55
raw_propagated,RH,15,1,0.9822433622209847,2.9956316313552764,-0.005555348528649806,0.0,HyPhysML-MC,55
single_column,RH,15,1,0.9822433622209847,2.9956316313552764,-0.005555348528649806,0.0,HyPhysML-MC,55
raw_propagated,RH,15,2,0.9840194386363431,2.8418690057649,-0.003779272113291432,0.0,HyPhysML-MC,55
single_column,RH,15,2,0.9840194386363431,2.8418690057649,-0.003779272113291432,0.0,HyPhysML-MC,55
raw_propagated,RH,15,3,0.9820865216318079,3.0088324326846827,-0.0057121891178266715,0.0,HyPhysML-MC,55
single_column,RH,15,3,0.9820865216318079,3.0088324326846827,-0.0057121891178266715,0.0,HyPhysML-MC,55
raw_propagated,RH,15,4,0.9838011381484681,2.8612136665677723,-0.003997572601166399,0.0,HyPhysML-MC,55
single_column,RH,15,4,0.9838011381484681,2.8612136665677723,-0.003997572601166399,0.0,HyPhysML-MC,55
raw_propagated,RH,20,0,0.9761773539392767,3.469788786373325,-0.011621356810357808,0.0,HyPhysML-MC,55
single_column,RH,20,0,0.9761773539392767,3.469788786373325,-0.011621356810357808,0.0,HyPhysML-MC,55
raw_propagated,RH,20,1,0.9770218424008925,3.4077336428173415,-0.01077686834874203,0.0,HyPhysML-MC,55
single_column,RH,20,1,0.9770218424008925,3.4077336428173415,-0.01077686834874203,0.0,HyPhysML-MC,55
raw_propagated,RH,20,2,0.9733338876873364,3.671029647678664,-0.014464823062298127,0.0,HyPhysML-MC,55
single_column,RH,20,2,0.9733338876873364,3.671029647678664,-0.014464823062298127,0.0,HyPhysML-MC,55
raw_propagated,RH,20,3,0.9761101945182666,3.4746762577515904,-0.011688516231367907,0.0,HyPhysML-MC,55
single_column,RH,20,3,0.9761101945182666,3.4746762577515904,-0.011688516231367907,0.0,HyPhysML-MC,55
raw_propagated,RH,20,4,0.9778894601333988,3.342779370653586,-0.00990925061623571,0.0,HyPhysML-MC,55
single_column,RH,20,4,0.9778894601333988,3.342779370653586,-0.00990925061623571,0.0,HyPhysML-MC,55
raw_propagated,Aging,5,0,0.98770511676186,2.4927013236691278,-9.359398777453176e-05,14.714714714714713,HyPhysML-MC,55
single_column,Aging,5,0,0.98770511676186,2.4927013236691278,-9.359398777453176e-05,0.0,HyPhysML-MC,55
raw_propagated,Aging,5,1,0.9877528392877551,2.487858916488307,-4.587146187939872e-05,13.88888888888889,HyPhysML-MC,55
single_column,Aging,5,1,0.9877528392877551,2.487858916488307,-4.587146187939872e-05,0.0,HyPhysML-MC,55
raw_propagated,Aging,5,2,0.9876893320407324,2.4943009311585693,-0.00010937870890215251,16.216216216216218,HyPhysML-MC,55
single_column,Aging,5,2,0.9876893320407324,2.4943009311585693,-0.00010937870890215251,0.0,HyPhysML-MC,55
raw_propagated,Aging,5,3,0.9877035607449931,2.4928590544306437,-9.515000464144219e-05,13.138138138138139,HyPhysML-MC,55
single_column,Aging,5,3,0.9877035607449931,2.4928590544306437,-9.515000464144219e-05,0.0,HyPhysML-MC,55
raw_propagated,Aging,5,4,0.9876696852816282,2.4962904817406586,-0.0001290254680063052,13.213213213213212,HyPhysML-MC,55
single_column,Aging,5,4,0.9876696852816282,2.4962904817406586,-0.0001290254680063052,0.0,HyPhysML-MC,55
raw_propagated,Aging,10,0,0.9876979387369262,2.493428864595493,-0.0001007720127083056,14.48948948948949,HyPhysML-MC,55
single_column,Aging,10,0,0.9876979387369262,2.493428864595493,-0.0001007720127083056,0.0,HyPhysML-MC,55
raw_propagated,Aging,10,1,0.9877047663555285,2.4927368446287934,-9.394439410603805e-05,14.264264264264265,HyPhysML-MC,55
single_column,Aging,10,1,0.9877047663555285,2.4927368446287934,-9.394439410603805e-05,0.0,HyPhysML-MC,55
raw_propagated,Aging,10,2,0.9877275046564005,2.4904307953107434,-7.120609323407745e-05,14.414414414414415,HyPhysML-MC,55
single_column,Aging,10,2,0.9877275046564005,2.4904307953107434,-7.120609323407745e-05,0.0,HyPhysML-MC,55
raw_propagated,Aging,10,3,0.9877170451491398,2.491491831818752,-8.166560049471805e-05,14.93993993993994,HyPhysML-MC,55
single_column,Aging,10,3,0.9877170451491398,2.491491831818752,-8.166560049471805e-05,0.0,HyPhysML-MC,55
raw_propagated,Aging,10,4,0.9876941373303089,2.4938140766614243,-0.00010457341932568198,14.63963963963964,HyPhysML-MC,55
single_column,Aging,10,4,0.9876941373303089,2.4938140766614243,-0.00010457341932568198,0.0,HyPhysML-MC,55
raw_propagated,Aging,15,0,0.9876716820258093,2.496088351648416,-0.00012702872382519548,14.48948948948949,HyPhysML-MC,55
single_column,Aging,15,0,0.9876716820258093,2.496088351648416,-0.00012702872382519548,0.0,HyPhysML-MC,55
raw_propagated,Aging,15,1,0.9872859842611225,2.534833349718082,-0.000512726488512083,14.714714714714713,HyPhysML-MC,55
single_column,Aging,15,1,0.9872859842611225,2.534833349718082,-0.000512726488512083,0.0,HyPhysML-MC,55
raw_propagated,Aging,15,2,0.9877723493486501,2.485876513129169,-2.6361400984442618e-05,13.813813813813812,HyPhysML-MC,55
single_column,Aging,15,2,0.9877723493486501,2.485876513129169,-2.6361400984442618e-05,0.0,HyPhysML-MC,55
raw_propagated,Aging,15,3,0.9875663613168719,2.506727707098274,-0.0002323494327626241,13.963963963963963,HyPhysML-MC,55
single_column,Aging,15,3,0.9875663613168719,2.506727707098274,-0.0002323494327626241,0.0,HyPhysML-MC,55
raw_propagated,Aging,15,4,0.9877631572890042,2.4868107086279085,-3.5553460630333156e-05,14.564564564564563,HyPhysML-MC,55
single_column,Aging,15,4,0.9877631572890042,2.4868107086279085,-3.5553460630333156e-05,0.0,HyPhysML-MC,55
raw_propagated,Aging,20,0,0.9849198667693395,2.7606454211770335,-0.0028788439802950316,13.063063063063062,HyPhysML-MC,55
single_column,Aging,20,0,0.9849198667693395,2.7606454211770335,-0.0028788439802950316,0.0,HyPhysML-MC,55
raw_propagated,Aging,20,1,0.9855446608804443,2.7028514807035773,-0.0022540498691902,14.63963963963964,HyPhysML-MC,55
single_column,Aging,20,1,0.9855446608804443,2.7028514807035773,-0.0022540498691902,0.0,HyPhysML-MC,55
raw_propagated,Aging,20,2,0.9854407219853103,2.71255129484226,-0.002357988764324248,14.48948948948949,HyPhysML-MC,55
single_column,Aging,20,2,0.9854407219853103,2.71255129484226,-0.002357988764324248,0.0,HyPhysML-MC,55
raw_propagated,Aging,20,3,0.9847758783091558,2.7737937376802533,-0.00302283244047874,14.93993993993994,HyPhysML-MC,55
single_column,Aging,20,3,0.9847758783091558,2.7737937376802533,-0.00302283244047874,0.0,HyPhysML-MC,55
raw_propagated,Aging,20,4,0.9842647836675779,2.8199694212546946,-0.003533927082056687,13.213213213213212,HyPhysML-MC,55
single_column,Aging,20,4,0.9842647836675779,2.8199694212546946,-0.003533927082056687,0.0,HyPhysML-MC,55
raw_propagated,SDD,5,0,0.9868368382830208,2.5806155143233003,-0.0029855356929210375,0.0,HyPhysML,101
single_column,SDD,5,0,0.9897815281123088,2.2737157631512135,-4.084586363306553e-05,0.0,HyPhysML,101
raw_propagated,SDD,5,1,0.9873523285329644,2.529580375801435,-0.0024700454429774643,0.0,HyPhysML,101
single_column,SDD,5,1,0.9898010238531616,2.271545725540737,-2.1350122780261493e-05,0.0,HyPhysML,101
raw_propagated,SDD,5,2,0.986288804901617,2.6337882187398503,-0.0035335690743248938,0.0,HyPhysML,101
single_column,SDD,5,2,0.9897507529263888,2.2771370877747565,-7.162104955305004e-05,0.0,HyPhysML,101
raw_propagated,SDD,5,3,0.9875018591040454,2.5145825856057096,-0.0023205148718964397,0.0,HyPhysML,101
single_column,SDD,5,3,0.9897882777850794,2.2729647030775206,-3.409619086247595e-05,0.0,HyPhysML,101
raw_propagated,SDD,5,4,0.986690504235136,2.5949201391648873,-0.003131869740805815,0.0,HyPhysML,101
single_column,SDD,5,4,0.9897812092467093,2.2737512383226584,-4.116472923254566e-05,0.0,HyPhysML,101
raw_propagated,SDD,10,0,0.98172122221129,3.041002464094592,-0.00810115176465187,0.0,HyPhysML,101
single_column,SDD,10,0,0.9897675876797476,2.275266179815846,-5.478629619426467e-05,0.0,HyPhysML,101
raw_propagated,SDD,10,1,0.982339506254569,2.989128711115298,-0.0074828677213728545,0.0,HyPhysML,101
single_column,SDD,10,1,0.9897282950210657,2.279630526822988,-9.407895487612006e-05,0.0,HyPhysML,101
raw_propagated,SDD,10,2,0.9815538254575528,3.054895454530557,-0.008268548518389096,0.0,HyPhysML,101
single_column,SDD,10,2,0.9897574542721576,2.2763925268296186,-6.491970378430523e-05,0.0,HyPhysML,101
raw_propagated,SDD,10,3,0.9824452901884002,2.9801630297723176,-0.0073770837875416495,0.0,HyPhysML,101
single_column,SDD,10,3,0.9897890106841326,2.27288313585827,-3.3363291809251905e-05,0.0,HyPhysML,101
raw_propagated,SDD,10,4,0.9815908352104677,3.0518292986450297,-0.008231538765474111,0.0,HyPhysML,101
single_column,SDD,10,4,0.9897811731441455,2.2737552548535036,-4.1200831796373016e-05,0.0,HyPhysML,101
raw_propagated,SDD,15,0,0.9775786133346648,3.368018199383499,-0.01224376064127708,0.0,HyPhysML,101
single_column,SDD,15,0,0.9897834402087337,2.273503022575647,-3.893376720820463e-05,0.0,HyPhysML,101
raw_propagated,SDD,15,1,0.9762265070246003,3.4680846833449706,-0.013595866951341518,0.0,HyPhysML,101
single_column,SDD,15,1,0.9897996055784819,2.271703661187688,-2.2768397459960177e-05,0.0,HyPhysML,101
raw_propagated,SDD,15,2,0.9764781714362739,3.449679402486351,-0.013344202539667949,0.0,HyPhysML,101
single_column,SDD,15,2,0.9897233733175995,2.280176605678953,-9.900065834234084e-05,0.0,HyPhysML,101
raw_propagated,SDD,15,3,0.977142950253826,3.400582238776377,-0.012679423722115835,0.0,HyPhysML,101
single_column,SDD,15,3,0.9897859766875944,2.273220782249902,-3.639728834747835e-05,0.0,HyPhysML,101
raw_propagated,SDD,15,4,0.9769477399740015,3.415072675722336,-0.012874634001940333,0.0,HyPhysML,101
single_column,SDD,15,4,0.9897661383819029,2.275427306122695,-5.623559403900025e-05,0.0,HyPhysML,101
raw_propagated,SDD,20,0,0.972531749227517,3.7278523022643713,-0.01729062474842491,0.0,HyPhysML,101
single_column,SDD,20,0,0.9897816497245827,2.273702233116099,-4.07242513591477e-05,0.0,HyPhysML,101
raw_propagated,SDD,20,1,0.9712786279560764,3.8119376349070735,-0.018543746019865415,0.0,HyPhysML,101
single_column,SDD,20,1,0.9897269663042555,2.2797779651236216,-9.540767168636499e-05,0.0,HyPhysML,101
raw_propagated,SDD,20,2,0.9706648426592074,3.852453508849434,-0.019157531316734477,0.0,HyPhysML,101
single_column,SDD,20,2,0.9898119136698728,2.270332695779429,-1.046030606910442e-05,0.0,HyPhysML,101
raw_propagated,SDD,20,3,0.9723996226669606,3.7368073212573747,-0.0174227513089813,0.0,HyPhysML,101
single_column,SDD,20,3,0.989785934584782,2.273225467420794,-3.6439391159825973e-05,0.0,HyPhysML,101
raw_propagated,SDD,20,4,0.9715039574963321,3.796955177377568,-0.018318416479609745,0.07507507507507508,HyPhysML,101
single_column,SDD,20,4,0.9898112881491181,2.2704023908319426,-1.1085826823742373e-05,0.0,HyPhysML,101
raw_propagated,RH,5,0,0.9846825670613992,2.783788197617872,-0.005139806914542633,0.0,HyPhysML,101
single_column,RH,5,0,0.9883883357495135,2.4237645562828374,-0.0014340382264284024,0.0,HyPhysML,101
raw_propagated,RH,5,1,0.9838216176946479,2.860953125935702,-0.006000756281293929,0.0,HyPhysML,101
single_column,RH,5,1,0.9879299294031041,2.471144267109121,-0.0018924445728377703,0.0,HyPhysML,101
raw_propagated,RH,5,2,0.9842213845239327,2.8253850426164258,-0.005600989452009153,0.0,HyPhysML,101
single_column,RH,5,2,0.9881935704764961,2.444007222141148,-0.001628803499445719,0.0,HyPhysML,101
raw_propagated,RH,5,3,0.9841906291217715,2.828137297737454,-0.005631744854170395,0.0,HyPhysML,101
single_column,RH,5,3,0.9881174894937567,2.451869204356443,-0.0017048844821851983,0.0,HyPhysML,101
raw_propagated,RH,5,4,0.983209992903135,2.914530706635953,-0.006612381072806817,0.0,HyPhysML,101
single_column,RH,5,4,0.9877551398417325,2.488972568894248,-0.0020672341342093947,0.0,HyPhysML,101
raw_propagated,RH,10,0,0.982044745634946,3.0139703555459527,-0.0077776283409958236,0.0,HyPhysML,101
single_column,RH,10,0,0.9876366567898844,2.5009854100510975,-0.002185717186057423,0.0,HyPhysML,101
raw_propagated,RH,10,1,0.9831856821472226,2.916639961703011,-0.006636691828719288,0.0,HyPhysML,101
single_column,RH,10,1,0.9880167596407335,2.4622397071682403,-0.0018056143352083165,0.0,HyPhysML,101
raw_propagated,RH,10,2,0.9832498145121469,2.9110723935973066,-0.00657255946379498,0.0,HyPhysML,101
single_column,RH,10,2,0.9879988651585815,2.464077443316349,-0.0018235088173603753,0.0,HyPhysML,101
raw_propagated,RH,10,3,0.9829886665107189,2.933677531630158,-0.006833707465222938,0.0,HyPhysML,101
single_column,RH,10,3,0.988085637504297,2.4551532176899964,-0.0017367364716448508,0.0,HyPhysML,101
raw_propagated,RH,10,4,0.982470546753746,2.9780184265429117,-0.00735182722219585,0.0,HyPhysML,101
single_column,RH,10,4,0.9878289383915767,2.481460839071042,-0.0019934355843651552,0.0,HyPhysML,101
raw_propagated,RH,15,0,0.9792994915673562,3.2361876906847757,-0.010522882408585676,0.0,HyPhysML,101
single_column,RH,15,0,0.9872533294632003,2.5394611654637886,-0.0025690445127415362,0.0,HyPhysML,101
raw_propagated,RH,15,1,0.9771636384071131,3.3990429392246133,-0.012658735568828794,0.0,HyPhysML,101
single_column,RH,15,1,0.9862261251500893,2.63980144191848,-0.0035962488258525216,0.0,HyPhysML,101
raw_propagated,RH,15,2,0.9790955184721989,3.2520925443516955,-0.010726855503742971,0.0,HyPhysML,101
single_column,RH,15,2,0.9872701315204936,2.5377869148452343,-0.0025522424554482726,0.0,HyPhysML,101
raw_propagated,RH,15,3,0.9807530597609684,3.120498975616719,-0.009069314214973478,0.0,HyPhysML,101
single_column,RH,15,3,0.987740373152698,2.4904729049252485,-0.0020820008232438347,0.0,HyPhysML,101
raw_propagated,RH,15,4,0.9783011526583959,3.3133058526459234,-0.01152122131754596,0.0,HyPhysML,101
single_column,RH,15,4,0.986975646596775,2.566972885740092,-0.0028467273791669134,0.0,HyPhysML,101
raw_propagated,RH,20,0,0.9740264536781098,3.6250067589131847,-0.015795920297832056,0.0,HyPhysML,101
single_column,RH,20,0,0.985748442418129,2.6851859206232067,-0.004073931557812882,0.0,HyPhysML,101
raw_propagated,RH,20,1,0.9768830570933131,3.4198605360091077,-0.012939316882628726,0.0,HyPhysML,101
single_column,RH,20,1,0.9866550358270707,2.5983754334860687,-0.003167338148871157,0.0,HyPhysML,101
raw_propagated,RH,20,2,0.9738552878727007,3.6369315517638308,-0.015967086103241157,0.0,HyPhysML,101
single_column,RH,20,2,0.9858380655848656,2.676729497265125,-0.003984308391076219,0.0,HyPhysML,101
raw_propagated,RH,20,3,0.9739279309718174,3.631875428906787,-0.01589444300412446,0.0,HyPhysML,101
single_column,RH,20,3,0.9857948482215758,2.6808106159635203,-0.004027525754366046,0.0,HyPhysML,101
raw_propagated,RH,20,4,0.9724485983894289,3.7334904445466943,-0.017373775586512985,0.0,HyPhysML,101
single_column,RH,20,4,0.9853976420545272,2.7180327821117873,-0.004424731921414682,0.0,HyPhysML,101
raw_propagated,Aging,5,0,0.9883515807069627,2.427597563419601,-0.0014707932689791425,11.11111111111111,HyPhysML,101
single_column,Aging,5,0,0.9891561346427337,2.342260819206807,-0.0006662393332081962,0.0,HyPhysML,101
raw_propagated,Aging,5,1,0.988258370654943,2.4372909659472737,-0.0015640033209988191,12.912912912912914,HyPhysML,101
single_column,Aging,5,1,0.9891394605286931,2.3440609209666383,-0.0006829134472488008,0.0,HyPhysML,101
raw_propagated,Aging,5,2,0.98818023172497,2.4453874363045793,-0.001642142250971812,10.885885885885886,HyPhysML,101
single_column,Aging,5,2,0.9890862186341972,2.3497995706468506,-0.0007361553417446487,0.0,HyPhysML,101
raw_propagated,Aging,5,3,0.9884617407899213,2.416091297489495,-0.0013606331860205323,13.813813813813812,HyPhysML,101
single_column,Aging,5,3,0.9892528361031175,2.331793736724681,-0.0005695378728243217,0.0,HyPhysML,101
raw_propagated,Aging,5,4,0.9883641139001891,2.4262912171626185,-0.001458260075752782,12.387387387387387,HyPhysML,101
single_column,Aging,5,4,0.9891761033872902,2.3401032140216724,-0.0006462705886516318,0.0,HyPhysML,101
raw_propagated,Aging,10,0,0.9873011943168718,2.534688732534571,-0.002521179659070061,11.186186186186188,HyPhysML,101
single_column,Aging,10,0,0.989232765863799,2.3339700238675594,-0.0005896081121428143,0.0,HyPhysML,101
raw_propagated,Aging,10,1,0.9870087433399616,2.5637092886421877,-0.00281363063598028,10.96096096096096,HyPhysML,101
single_column,Aging,10,1,0.989144652319701,2.3435005745299726,-0.000677721656240915,0.0,HyPhysML,101
raw_propagated,Aging,10,2,0.9875639564235269,2.508327924206155,-0.0022584175524149597,11.936936936936938,HyPhysML,101
single_column,Aging,10,2,0.9892251946977351,2.3347904652693297,-0.0005971792782067942,0.0,HyPhysML,101
raw_propagated,Aging,10,3,0.9874436155189571,2.5204349788505103,-0.002378758456984764,12.462462462462462,HyPhysML,101
single_column,Aging,10,3,0.9891350201195536,2.344540065021843,-0.0006873538563882953,0.0,HyPhysML,101
raw_propagated,Aging,10,4,0.9873455741276296,2.530255738483708,-0.0024767998483122833,11.11111111111111,HyPhysML,101
single_column,Aging,10,4,0.9892952904190548,2.327183559251277,-0.0005270835568870202,0.0,HyPhysML,101
raw_propagated,Aging,15,0,0.9861427706865705,2.647776951337491,-0.003679603289371336,12.162162162162163,HyPhysML,101
single_column,Aging,15,0,0.9892748449275103,2.329404904632345,-0.0005475290484315831,0.0,HyPhysML,101
raw_propagated,Aging,15,1,0.9859289116468957,2.6681303343515936,-0.0038934623290461934,11.486486486486488,HyPhysML,101
single_column,Aging,15,1,0.9891640439927724,2.341406458726258,-0.0006583299831695033,0.0,HyPhysML,101
raw_propagated,Aging,15,2,0.9860242502299914,2.6590760200892953,-0.0037981237459504547,11.486486486486488,HyPhysML,101
single_column,Aging,15,2,0.9891509875848321,2.3428166321678146,-0.0006713863911097517,0.0,HyPhysML,101
raw_propagated,Aging,15,3,0.986246377134242,2.6378600534832706,-0.0035759968416998467,11.711711711711711,HyPhysML,101
single_column,Aging,15,3,0.9892017640598354,2.3373276768628686,-0.0006206099161064627,0.0,HyPhysML,101
raw_propagated,Aging,15,4,0.9861329954359761,2.648710692118621,-0.0036893785399657597,11.486486486486488,HyPhysML,101
single_column,Aging,15,4,0.9892250618790377,2.3348048554538328,-0.0005973120969041679,0.0,HyPhysML,101
raw_propagated,Aging,20,0,0.9845860286687611,2.7925468561266,-0.005236345307180756,12.837837837837837,HyPhysML,101
single_column,Aging,20,0,0.9886862273459878,2.392472305256589,-0.0011361466299540934,0.0,HyPhysML,101
raw_propagated,Aging,20,1,0.9847174398131415,2.7806175073345187,-0.005104934162800334,12.987987987987987,HyPhysML,101
single_column,Aging,20,1,0.9888849382983711,2.37136897906041,-0.0009374356775707637,0.0,HyPhysML,101
raw_propagated,Aging,20,2,0.9846780378171699,2.784199739315575,-0.005144336158771967,10.735735735735735,HyPhysML,101
single_column,Aging,20,2,0.9890669666741027,2.3518711860433226,-0.000755407301839206,0.0,HyPhysML,101
raw_propagated,Aging,20,3,0.9849713662406647,2.7574201566233976,-0.004851007735277135,11.411411411411411,HyPhysML,101
single_column,Aging,20,3,0.9890145062095647,2.357506978053417,-0.0008078677663772016,0.0,HyPhysML,101
raw_propagated,Aging,20,4,0.9841379394347556,2.832846204814588,-0.0056844345411862784,11.786786786786786,HyPhysML,101
single_column,Aging,20,4,0.9888168583531701,2.3786202305101196,-0.0010055156227717355,0.0,HyPhysML,101
raw_propagated,SDD,5,0,0.9779197135688495,3.3423009074383274,-0.010172993644404937,0.0,HyPhysML-MC,101
single_column,SDD,5,0,0.9779197135688495,3.3423009074383274,-0.010172993644404937,0.0,HyPhysML-MC,101
raw_propagated,SDD,5,1,0.9782336388572397,3.318456359925302,-0.0098590683560148,0.0,HyPhysML-MC,101
single_column,SDD,5,1,0.9782336388572397,3.318456359925302,-0.0098590683560148,0.0,HyPhysML-MC,101
raw_propagated,SDD,5,2,0.9783684143922641,3.3081666011316635,-0.00972429282099041,0.0,HyPhysML-MC,101
single_column,SDD,5,2,0.9783684143922641,3.3081666011316635,-0.00972429282099041,0.0,HyPhysML-MC,101
raw_propagated,SDD,5,3,0.9786878077565023,3.2836530084403814,-0.009404899456752158,0.0,HyPhysML-MC,101
single_column,SDD,5,3,0.9786878077565023,3.2836530084403814,-0.009404899456752158,0.0,HyPhysML-MC,101
raw_propagated,SDD,5,4,0.9782098696359266,3.3202677697676033,-0.009882837577327885,0.0,HyPhysML-MC,101
single_column,SDD,5,4,0.9782098696359266,3.3202677697676033,-0.009882837577327885,0.0,HyPhysML-MC,101
raw_propagated,SDD,10,0,0.9776696683806354,3.3611723461725806,-0.01042303883261908,0.0,HyPhysML-MC,101
single_column,SDD,10,0,0.9776696683806354,3.3611723461725806,-0.01042303883261908,0.0,HyPhysML-MC,101
raw_propagated,SDD,10,1,0.9777634200375548,3.3541091524115503,-0.010329287175699697,0.0,HyPhysML-MC,101
single_column,SDD,10,1,0.9777634200375548,3.3541091524115503,-0.010329287175699697,0.0,HyPhysML-MC,101
raw_propagated,SDD,10,2,0.9785740609871304,3.292404052865652,-0.009518646226124083,0.0,HyPhysML-MC,101
single_column,SDD,10,2,0.9785740609871304,3.292404052865652,-0.009518646226124083,0.0,HyPhysML-MC,101
raw_propagated,SDD,10,3,0.9790213727890602,3.25785483000794,-0.009071334424194277,0.0,HyPhysML-MC,101
single_column,SDD,10,3,0.9790213727890602,3.25785483000794,-0.009071334424194277,0.0,HyPhysML-MC,101
raw_propagated,SDD,10,4,0.9783061958200754,3.312920797443458,-0.009786511393179098,0.0,HyPhysML-MC,101
single_column,SDD,10,4,0.9783061958200754,3.312920797443458,-0.009786511393179098,0.0,HyPhysML-MC,101
raw_propagated,SDD,15,0,0.9772670884351199,3.391335270521905,-0.010825618778134594,0.0,HyPhysML-MC,101
single_column,SDD,15,0,0.9772670884351199,3.391335270521905,-0.010825618778134594,0.0,HyPhysML-MC,101
raw_propagated,SDD,15,1,0.9772240513285769,3.39454392780122,-0.010868655884677558,0.0,HyPhysML-MC,101
single_column,SDD,15,1,0.9772240513285769,3.39454392780122,-0.010868655884677558,0.0,HyPhysML-MC,101
raw_propagated,SDD,15,2,0.9771276682752359,3.401718845254406,-0.01096503893801859,0.0,HyPhysML-MC,101
single_column,SDD,15,2,0.9771276682752359,3.401718845254406,-0.01096503893801859,0.0,HyPhysML-MC,101
raw_propagated,SDD,15,3,0.976219872128061,3.4685685999875706,-0.011872835085193434,0.0,HyPhysML-MC,101
single_column,SDD,15,3,0.976219872128061,3.4685685999875706,-0.011872835085193434,0.0,HyPhysML-MC,101
raw_propagated,SDD,15,4,0.9774867482470861,3.374910882174304,-0.010605958966168338,0.0,HyPhysML-MC,101
single_column,SDD,15,4,0.9774867482470861,3.374910882174304,-0.010605958966168338,0.0,HyPhysML-MC,101
raw_propagated,SDD,20,0,0.9755824517273682,3.514748246324905,-0.012510255485886246,0.0,HyPhysML-MC,101
single_column,SDD,20,0,0.9755824517273682,3.514748246324905,-0.012510255485886246,0.0,HyPhysML-MC,101
raw_propagated,SDD,20,1,0.975150405002128,3.5457070663811847,-0.012942302211126466,0.0,HyPhysML-MC,101
single_column,SDD,20,1,0.975150405002128,3.5457070663811847,-0.012942302211126466,0.0,HyPhysML-MC,101
raw_propagated,SDD,20,2,0.9742534917320975,3.6091286633273727,-0.013839215481156963,0.0,HyPhysML-MC,101
single_column,SDD,20,2,0.9742534917320975,3.6091286633273727,-0.013839215481156963,0.0,HyPhysML-MC,101
raw_propagated,SDD,20,3,0.9762811696739911,3.464095286508152,-0.01181153753926334,0.0,HyPhysML-MC,101
single_column,SDD,20,3,0.9762811696739911,3.464095286508152,-0.01181153753926334,0.0,HyPhysML-MC,101
raw_propagated,SDD,20,4,0.9762692061536457,3.464968802389111,-0.011823501059608832,0.07507507507507508,HyPhysML-MC,101
single_column,SDD,20,4,0.9762692061536457,3.464968802389111,-0.011823501059608832,0.0,HyPhysML-MC,101
raw_propagated,RH,5,0,0.9784449217866661,3.3023111959663587,-0.009647785426588396,0.0,HyPhysML-MC,101
single_column,RH,5,0,0.9784449217866661,3.3023111959663587,-0.009647785426588396,0.0,HyPhysML-MC,101
raw_propagated,RH,5,1,0.9772988238392866,3.388967272410909,-0.010793883373967916,0.0,HyPhysML-MC,101
single_column,RH,5,1,0.9772988238392866,3.388967272410909,-0.010793883373967916,0.0,HyPhysML-MC,101
raw_propagated,RH,5,2,0.977754145387428,3.3548085618053913,-0.010338561825826487,0.0,HyPhysML-MC,101
single_column,RH,5,2,0.977754145387428,3.3548085618053913,-0.010338561825826487,0.0,HyPhysML-MC,101
raw_propagated,RH,5,3,0.977704364950188,3.358560058804915,-0.010388342263066508,0.0,HyPhysML-MC,101
single_column,RH,5,3,0.977704364950188,3.358560058804915,-0.010388342263066508,0.0,HyPhysML-MC,101
raw_propagated,RH,5,4,0.9765080934969937,3.4474845398692398,-0.011584613716260739,0.0,HyPhysML-MC,101
single_column,RH,5,4,0.9765080934969937,3.4474845398692398,-0.011584613716260739,0.0,HyPhysML-MC,101
raw_propagated,RH,10,0,0.9763741533134311,3.457298566668924,-0.011718553899823347,0.0,HyPhysML-MC,101
single_column,RH,10,0,0.9763741533134311,3.457298566668924,-0.011718553899823347,0.0,HyPhysML-MC,101
raw_propagated,RH,10,1,0.9780042619866253,3.3358957077414835,-0.010088445226629217,0.0,HyPhysML-MC,101
single_column,RH,10,1,0.9780042619866253,3.3358957077414835,-0.010088445226629217,0.0,HyPhysML-MC,101
raw_propagated,RH,10,2,0.9779603708900861,3.339222332932085,-0.010132336323168345,0.0,HyPhysML-MC,101
single_column,RH,10,2,0.9779603708900861,3.339222332932085,-0.010132336323168345,0.0,HyPhysML-MC,101
raw_propagated,RH,10,3,0.9780359800730613,3.3334896416206803,-0.010056727140193233,0.0,HyPhysML-MC,101
single_column,RH,10,3,0.9780359800730613,3.3334896416206803,-0.010056727140193233,0.0,HyPhysML-MC,101
raw_propagated,RH,10,4,0.9768722271028785,3.420661522545522,-0.011220480110376019,0.0,HyPhysML-MC,101
single_column,RH,10,4,0.9768722271028785,3.420661522545522,-0.011220480110376019,0.0,HyPhysML-MC,101
raw_propagated,RH,15,0,0.9750890308344901,3.5500830052629917,-0.013003676378764428,0.0,HyPhysML-MC,101
single_column,RH,15,0,0.9750890308344901,3.5500830052629917,-0.013003676378764428,0.0,HyPhysML-MC,101
raw_propagated,RH,15,1,0.9718825770068635,3.7716462496720022,-0.01621013020639095,0.0,HyPhysML-MC,101
single_column,RH,15,1,0.9718825770068635,3.7716462496720022,-0.01621013020639095,0.0,HyPhysML-MC,101
raw_propagated,RH,15,2,0.9751901162093358,3.542872802753558,-0.012902591003918662,0.0,HyPhysML-MC,101
single_column,RH,15,2,0.9751901162093358,3.542872802753558,-0.012902591003918662,0.0,HyPhysML-MC,101
raw_propagated,RH,15,3,0.9770050925911824,3.410821783805507,-0.011087614622072084,0.0,HyPhysML-MC,101
single_column,RH,15,3,0.9770050925911824,3.410821783805507,-0.011087614622072084,0.0,HyPhysML-MC,101
raw_propagated,RH,15,4,0.9739559904479153,3.629920540792057,-0.01413671676533923,0.0,HyPhysML-MC,101
single_column,RH,15,4,0.9739559904479153,3.629920540792057,-0.01413671676533923,0.0,HyPhysML-MC,101
raw_propagated,RH,20,0,0.9689385629098594,3.9641854931089933,-0.019154144303395126,0.0,HyPhysML-MC,101
single_column,RH,20,0,0.9689385629098594,3.9641854931089933,-0.019154144303395126,0.0,HyPhysML-MC,101
raw_propagated,RH,20,1,0.9732416513682532,3.679364801129577,-0.014851055845001238,0.0,HyPhysML-MC,101
single_column,RH,20,1,0.9732416513682532,3.679364801129577,-0.014851055845001238,0.0,HyPhysML-MC,101
raw_propagated,RH,20,2,0.9706265335407607,3.854968169748661,-0.017466173672493812,0.0,HyPhysML-MC,101
single_column,RH,20,2,0.9706265335407607,3.854968169748661,-0.017466173672493812,0.0,HyPhysML-MC,101
raw_propagated,RH,20,3,0.9700285635516112,3.894009210444632,-0.018064143661643328,0.0,HyPhysML-MC,101
single_column,RH,20,3,0.9700285635516112,3.894009210444632,-0.018064143661643328,0.0,HyPhysML-MC,101
raw_propagated,RH,20,4,0.9684770563039669,3.993526572846713,-0.01961565090928763,0.0,HyPhysML-MC,101
single_column,RH,20,4,0.9684770563039669,3.993526572846713,-0.01961565090928763,0.0,HyPhysML-MC,101
raw_propagated,Aging,5,0,0.9831479166955032,2.9199135540944243,-0.0049447905177513185,11.11111111111111,HyPhysML-MC,101
single_column,Aging,5,0,0.9831479166955032,2.9199135540944243,-0.0049447905177513185,0.0,HyPhysML-MC,101
raw_propagated,Aging,5,1,0.9830857988973675,2.925290093056165,-0.005006908315887015,12.912912912912914,HyPhysML-MC,101
single_column,Aging,5,1,0.9830857988973675,2.925290093056165,-0.005006908315887015,0.0,HyPhysML-MC,101
raw_propagated,Aging,5,2,0.9826051127012628,2.9665659326171023,-0.005487594511991656,10.885885885885886,HyPhysML-MC,101
single_column,Aging,5,2,0.9826051127012628,2.9665659326171023,-0.005487594511991656,0.0,HyPhysML-MC,101
raw_propagated,Aging,5,3,0.9831230966647172,2.922063011761097,-0.004969610548537284,13.813813813813812,HyPhysML-MC,101
single_column,Aging,5,3,0.9831230966647172,2.922063011761097,-0.004969610548537284,0.0,HyPhysML-MC,101
raw_propagated,Aging,5,4,0.9825936449418659,2.9675436411422256,-0.005499062271388633,12.387387387387387,HyPhysML-MC,101
single_column,Aging,5,4,0.9825936449418659,2.9675436411422256,-0.005499062271388633,0.0,HyPhysML-MC,101
raw_propagated,Aging,10,0,0.9828114843977738,2.948915863802557,-0.005281222815480713,11.186186186186188,HyPhysML-MC,101
single_column,Aging,10,0,0.9828114843977738,2.948915863802557,-0.005281222815480713,0.0,HyPhysML-MC,101
raw_propagated,Aging,10,1,0.9830905843848845,2.9248762417175964,-0.0050021228283699815,10.96096096096096,HyPhysML-MC,101
single_column,Aging,10,1,0.9830905843848845,2.9248762417175964,-0.0050021228283699815,0.0,HyPhysML-MC,101
raw_propagated,Aging,10,2,0.9831028793026645,2.923812702533879,-0.0049898279105899945,11.936936936936938,HyPhysML-MC,101
single_column,Aging,10,2,0.9831028793026645,2.923812702533879,-0.0049898279105899945,0.0,HyPhysML-MC,101
raw_propagated,Aging,10,3,0.9825255180468219,2.9733453182129197,-0.005567189166432618,12.462462462462462,HyPhysML-MC,101
single_column,Aging,10,3,0.9825255180468219,2.9733453182129197,-0.005567189166432618,0.0,HyPhysML-MC,101
raw_propagated,Aging,10,4,0.9837150082236517,2.870363951927439,-0.0043776989896028295,11.11111111111111,HyPhysML-MC,101
single_column,Aging,10,4,0.9837150082236517,2.870363951927439,-0.0043776989896028295,0.0,HyPhysML-MC,101
raw_propagated,Aging,15,0,0.983379224378925,2.899805296248681,-0.0047134828343294854,12.162162162162163,HyPhysML-MC,101
single_column,Aging,15,0,0.983379224378925,2.899805296248681,-0.0047134828343294854,0.0,HyPhysML-MC,101
raw_propagated,Aging,15,1,0.9824311875239495,2.981359853933976,-0.00566151968930495,11.486486486486488,HyPhysML-MC,101
single_column,Aging,15,1,0.9824311875239495,2.981359853933976,-0.00566151968930495,0.0,HyPhysML-MC,101
raw_propagated,Aging,15,2,0.9826736096249347,2.960719356249058,-0.005419097588319821,11.486486486486488,HyPhysML-MC,101
single_column,Aging,15,2,0.9826736096249347,2.960719356249058,-0.005419097588319821,0.0,HyPhysML-MC,101
raw_propagated,Aging,15,3,0.9830881245232478,2.925088979087715,-0.005004582690006698,11.711711711711711,HyPhysML-MC,101
single_column,Aging,15,3,0.9830881245232478,2.925088979087715,-0.005004582690006698,0.0,HyPhysML-MC,101
raw_propagated,Aging,15,4,0.9833151955279603,2.9053854428045005,-0.004777511685294167,11.486486486486488,HyPhysML-MC,101
single_column,Aging,15,4,0.9833151955279603,2.9053854428045005,-0.004777511685294167,0.0,HyPhysML-MC,101
raw_propagated,Aging,20,0,0.9811446704863649,3.088589983520626,-0.006948036726889595,12.837837837837837,HyPhysML-MC,101
single_column,Aging,20,0,0.9811446704863649,3.088589983520626,-0.006948036726889595,0.0,HyPhysML-MC,101
raw_propagated,Aging,20,1,0.9817344857507341,3.039898950058326,-0.006358221462520408,12.987987987987987,HyPhysML-MC,101
single_column,Aging,20,1,0.9817344857507341,3.039898950058326,-0.006358221462520408,0.0,HyPhysML-MC,101
raw_propagated,Aging,20,2,0.9822404359051506,2.9975010670644817,-0.00585227130810384,10.735735735735735,HyPhysML-MC,101
single_column,Aging,20,2,0.9822404359051506,2.9975010670644817,-0.00585227130810384,0.0,HyPhysML-MC,101
raw_propagated,Aging,20,3,0.9820265750239574,3.0154950299704555,-0.00606613218929708,11.411411411411411,HyPhysML-MC,101
single_column,Aging,20,3,0.9820265750239574,3.0154950299704555,-0.00606613218929708,0.0,HyPhysML-MC,101
raw_propagated,Aging,20,4,0.9814169851957647,3.0662056662082415,-0.0066757220174897824,11.786786786786786,HyPhysML-MC,101
single_column,Aging,20,4,0.9814169851957647,3.0662056662082415,-0.0066757220174897824,0.0,HyPhysML-MC,101
raw_propagated,SDD,5,0,0.9860031713572088,2.6457220245048534,-0.002799048542293847,0.0,HyPhysML,314
single_column,SDD,5,0,0.9887783707712516,2.3689579253795428,-2.384912825104113e-05,0.0,HyPhysML,314
raw_propagated,SDD,5,1,0.9861068869308409,2.635901485767422,-0.0026953329686617566,0.0,HyPhysML,314
single_column,SDD,5,1,0.9887716569302634,2.3696664868667225,-3.056296923931168e-05,0.0,HyPhysML,314
raw_propagated,SDD,5,2,0.9858493164442077,2.660223339118579,-0.002952903455294975,0.0,HyPhysML,314
single_column,SDD,5,2,0.9887689897789598,2.369947912351337,-3.3230120542904196e-05,0.0,HyPhysML,314
raw_propagated,SDD,5,3,0.9860860407555756,2.637878287778023,-0.0027161791439270777,0.0,HyPhysML,314
single_column,SDD,5,3,0.9887566196223624,2.371252717445712,-4.560027714028969e-05,0.0,HyPhysML,314
raw_propagated,SDD,5,4,0.9857409856535669,2.670386616676868,-0.00306123424593574,0.0,HyPhysML,314
single_column,SDD,5,4,0.9887808769430719,2.3686933761328763,-2.1342956430747684e-05,0.0,HyPhysML,314
raw_propagated,SDD,10,0,0.9812959085821249,3.0584240352397303,-0.0075063113173777785,0.0,HyPhysML,314
single_column,SDD,10,0,0.9887829295853992,2.3684766790403176,-1.9290314103526107e-05,0.0,HyPhysML,314
raw_propagated,SDD,10,1,0.9820334554880851,2.997517095321622,-0.006768764411417605,0.0,HyPhysML,314
single_column,SDD,10,1,0.9887782180175024,2.368974048972916,-2.4001882000246333e-05,0.0,HyPhysML,314
raw_propagated,SDD,10,2,0.982206400741417,2.983055217757008,-0.006595819158085714,0.0,HyPhysML,314
single_column,SDD,10,2,0.988772828817788,2.3695428241393883,-2.939108171462479e-05,0.0,HyPhysML,314
raw_propagated,SDD,10,3,0.9809537952822108,3.0862678430394994,-0.00784842461729185,0.0,HyPhysML,314
single_column,SDD,10,3,0.9887651383048047,2.370354243150366,-3.7081594697951914e-05,0.0,HyPhysML,314
raw_propagated,SDD,10,4,0.9819558704527394,3.003982221136476,-0.006846349446763322,0.0,HyPhysML,314
single_column,SDD,10,4,0.9887755307255551,2.3692576823483917,-2.6689173947547218e-05,0.0,HyPhysML,314
raw_propagated,SDD,15,0,0.976089675675418,3.457977182776499,-0.012712544224084632,0.0,HyPhysML,314
single_column,SDD,15,0,0.9887680183950223,2.370050399995515,-3.420150448041337e-05,0.0,HyPhysML,314
raw_propagated,SDD,15,1,0.9757997442897733,3.478879349050939,-0.013002475609729336,0.0,HyPhysML,314
single_column,SDD,15,1,0.9887989694906749,2.3667826657667295,-3.250408827759621e-06,0.0,HyPhysML,314
raw_propagated,SDD,15,2,0.9763317806908469,3.44042569193321,-0.01247043920865576,0.0,HyPhysML,314
single_column,SDD,15,2,0.9887527294115263,2.371662908816562,-4.9490487976422415e-05,0.0,HyPhysML,314
raw_propagated,SDD,15,3,0.977518159291917,3.3530908686583984,-0.011284060607585689,0.0,HyPhysML,314
single_column,SDD,15,3,0.9887940377546587,2.3673036474199423,-8.182144843993377e-06,0.0,HyPhysML,314
raw_propagated,SDD,15,4,0.9759747210274947,3.466279745036266,-0.012827498872007959,0.0,HyPhysML,314
single_column,SDD,15,4,0.9887866177898422,2.3680872661158916,-1.5602109660450836e-05,0.0,HyPhysML,314
raw_propagated,SDD,20,0,0.9703756532372636,3.8490520240917636,-0.018426566662239074,0.0,HyPhysML,314
single_column,SDD,20,0,0.9887938949150809,2.367318735083482,-8.324984421825832e-06,0.0,HyPhysML,314
raw_propagated,SDD,20,1,0.9711059912423131,3.8013100148374575,-0.01769622865718956,0.0,HyPhysML,314
single_column,SDD,20,1,0.9887867506508757,2.368073237009968,-1.5469248626942544e-05,0.0,HyPhysML,314
raw_propagated,SDD,20,2,0.9701757814813905,3.8620147322779084,-0.01862643841811218,0.0,HyPhysML,314
single_column,SDD,20,2,0.9887548105764381,2.371443475579908,-4.740932306457335e-05,0.0,HyPhysML,314
raw_propagated,SDD,20,3,0.9703404257415655,3.8513398750113033,-0.01846179415793714,0.0,HyPhysML,314
single_column,SDD,20,3,0.9887916276668826,2.3675582039998604,-1.0592232620121322e-05,0.0,HyPhysML,314
raw_propagated,SDD,20,4,0.9693956673230417,3.9121981816104876,-0.019406552576460956,0.07507507507507508,HyPhysML,314
single_column,SDD,20,4,0.9887702207859682,2.369818026331302,-3.1999113534464385e-05,0.0,HyPhysML,314
raw_propagated,RH,5,0,0.982824836034657,2.9307571668693373,-0.005977383864845698,0.0,HyPhysML,314
single_column,RH,5,0,0.9864738590194089,2.6008562220378737,-0.002328360880093805,0.0,HyPhysML,314
raw_propagated,RH,5,1,0.9841491585806951,2.8155001208069814,-0.004653061318807605,0.0,HyPhysML,314
single_column,RH,5,1,0.987210160452176,2.529076335153034,-0.0015920594473266547,0.0,HyPhysML,314
raw_propagated,RH,5,2,0.9838214905157681,2.844452224220692,-0.004980729383734617,0.0,HyPhysML,314
single_column,RH,5,2,0.987023349010429,2.5474795239908485,-0.0017788708890736915,0.0,HyPhysML,314
raw_propagated,RH,5,3,0.9842993282157231,2.8021314678127474,-0.004502891683779597,0.0,HyPhysML,314
single_column,RH,5,3,0.9873166294943572,2.51852768597588,-0.0014855904051455093,0.0,HyPhysML,314
raw_propagated,RH,5,4,0.9836642258179962,2.85824367047974,-0.005137994081506503,0.0,HyPhysML,314
single_column,RH,5,4,0.986989871496966,2.55076343549238,-0.0018123484025366343,0.0,HyPhysML,314
raw_propagated,RH,10,0,0.9820708249506451,2.994398134130195,-0.00673139494885755,0.0,HyPhysML,314
single_column,RH,10,0,0.9866308231847816,2.585721361761291,-0.0021713967147211077,0.0,HyPhysML,314
raw_propagated,RH,10,1,0.9823452140719009,2.9713965702856897,-0.0064570058276017805,0.0,HyPhysML,314
single_column,RH,10,1,0.9866493933359484,2.583924918976137,-0.002152826563554311,0.0,HyPhysML,314
raw_propagated,RH,10,2,0.9822167725543864,2.982185685957552,-0.006585447345116235,0.0,HyPhysML,314
single_column,RH,10,2,0.9868030549093821,2.5690117737003244,-0.001999164990120539,0.0,HyPhysML,314
raw_propagated,RH,10,3,0.9824458161466081,2.9629185370746303,-0.0063564037528945905,0.0,HyPhysML,314
single_column,RH,10,3,0.9867343916850887,2.5756863403926733,-0.0020678282144139803,0.0,HyPhysML,314
raw_propagated,RH,10,4,0.9823242775551065,2.9731579131227237,-0.006477942344396137,0.0,HyPhysML,314
single_column,RH,10,4,0.986618852341457,2.586878738161309,-0.0021833675580457124,0.0,HyPhysML,314
raw_propagated,RH,15,0,0.9793504786707729,3.213544988081323,-0.009451741228729826,0.0,HyPhysML,314
single_column,RH,15,0,0.9859704220516644,2.6488154015046024,-0.002831797847838269,0.0,HyPhysML,314
raw_propagated,RH,15,1,0.9778854558020657,3.3255875532860157,-0.010916764097437026,0.0,HyPhysML,314
single_column,RH,15,1,0.985460305098354,2.6965410529735845,-0.003341914801148649,0.0,HyPhysML,314
raw_propagated,RH,15,2,0.9799912347891119,3.1632938268963935,-0.008810985110390801,0.0,HyPhysML,314
single_column,RH,15,2,0.9863358309854074,2.614092808888624,-0.00246638891409523,0.0,HyPhysML,314
raw_propagated,RH,15,3,0.9798034127188282,3.1781060506178473,-0.008998807180674473,0.0,HyPhysML,314
single_column,RH,15,3,0.9862188318997683,2.625260504323819,-0.0025833879997343434,0.0,HyPhysML,314
raw_propagated,RH,15,4,0.9769668351636699,3.3939559207705896,-0.011835384735832788,0.0,HyPhysML,314
single_column,RH,15,4,0.9849476532280461,2.743667616003322,-0.0038545666714565607,0.0,HyPhysML,314
raw_propagated,RH,20,0,0.9750272809360961,3.5339655007855093,-0.013774938963406536,0.0,HyPhysML,314
single_column,RH,20,0,0.9847536564145596,2.761291405042495,-0.004048563484943091,0.0,HyPhysML,314
raw_propagated,RH,20,1,0.9740575207863125,3.6019288390126114,-0.014744699113190207,0.0,HyPhysML,314
single_column,RH,20,1,0.9843341460928585,2.799022733985992,-0.004468073806644157,0.0,HyPhysML,314
raw_propagated,RH,20,2,0.9734369876451132,3.64475257881201,-0.01536523225438946,0.0,HyPhysML,314
single_column,RH,20,2,0.9841069235036988,2.819248620801691,-0.004695296395803905,0.0,HyPhysML,314
raw_propagated,RH,20,3,0.9740651276390675,3.6014007215784685,-0.01473709226043518,0.0,HyPhysML,314
single_column,RH,20,3,0.9845566787439617,2.779071642341531,-0.004245541155540988,0.0,HyPhysML,314
raw_propagated,RH,20,4,0.9727995275763085,3.6882267492956746,-0.01600269232319418,0.0,HyPhysML,314
single_column,RH,20,4,0.9840316275183543,2.825919049631675,-0.0047705923811484086,0.0,HyPhysML,314
raw_propagated,Aging,5,0,0.987240293944537,2.5260952639804777,-0.0015619259549656261,12.837837837837837,HyPhysML,314
single_column,Aging,5,0,0.9882525712541121,2.423822426721223,-0.0005496486453905325,0.0,HyPhysML,314
raw_propagated,Aging,5,1,0.9877009830767448,2.480073713920722,-0.0011012368227578673,12.387387387387387,HyPhysML,314
single_column,Aging,5,1,0.9883390251244546,2.4148870333986032,-0.0004631947750480814,0.0,HyPhysML,314
raw_propagated,Aging,5,2,0.9875103354235328,2.499221666931416,-0.00129188447596984,12.537537537537538,HyPhysML,314
single_column,Aging,5,2,0.9882750450246012,2.4215028337455498,-0.0005271748749015037,0.0,HyPhysML,314
raw_propagated,Aging,5,3,0.987336374944802,2.516566502496985,-0.0014658449547007013,13.063063063063062,HyPhysML,314
single_column,Aging,5,3,0.9882319170408186,2.4259522613046154,-0.0005703028586840908,0.0,HyPhysML,314
raw_propagated,Aging,5,4,0.9874088652464482,2.509353383034723,-0.0013933546530544572,12.387387387387387,HyPhysML,314
single_column,Aging,5,4,0.9882474446781229,2.4243512468891737,-0.0005547752213798107,0.0,HyPhysML,314
raw_propagated,Aging,10,0,0.9867972961029263,2.5695722378024217,-0.0020049237965763522,12.087087087087086,HyPhysML,314
single_column,Aging,10,0,0.9882850204258136,2.4204725269209306,-0.0005171994736891117,0.0,HyPhysML,314
raw_propagated,Aging,10,1,0.9859159276941173,2.6539547434450816,-0.002886292205385388,13.813813813813812,HyPhysML,314
single_column,Aging,10,1,0.988110938748002,2.4383900193649164,-0.0006912811515006334,0.0,HyPhysML,314
raw_propagated,Aging,10,2,0.9864253616452225,2.6055146769971573,-0.002376858254280134,12.612612612612612,HyPhysML,314
single_column,Aging,10,2,0.9881780898174926,2.431494085502328,-0.0006241300820101214,0.0,HyPhysML,314
raw_propagated,Aging,10,3,0.9864137815457861,2.6066257816275296,-0.0023884383537166043,12.837837837837837,HyPhysML,314
single_column,Aging,10,3,0.9881148095694037,2.4379930435042265,-0.0006874103300990031,0.0,HyPhysML,314
raw_propagated,Aging,10,4,0.986522016264331,2.5962221674536394,-0.0022802036351716737,13.813813813813812,HyPhysML,314
single_column,Aging,10,4,0.9882040199964011,2.428826001977378,-0.000598199903101615,0.0,HyPhysML,314
raw_propagated,Aging,15,0,0.9855889491711863,2.684585343099352,-0.003213270728316342,12.162162162162163,HyPhysML,314
single_column,Aging,15,0,0.9881603869613076,2.433313938942684,-0.000641832938195086,0.0,HyPhysML,314
raw_propagated,Aging,15,1,0.9856864272827355,2.6754905054436233,-0.003115792616767199,13.213213213213212,HyPhysML,314
single_column,Aging,15,1,0.9882052218459799,2.428702266693651,-0.000596998053522757,0.0,HyPhysML,314
raw_propagated,Aging,15,2,0.985512574458754,2.6916897346036537,-0.003289645440748723,13.88888888888889,HyPhysML,314
single_column,Aging,15,2,0.9881661175871312,2.432724979683335,-0.0006361023123714338,0.0,HyPhysML,314
raw_propagated,Aging,15,3,0.9857033141596634,2.673911793633864,-0.003098905739839286,12.387387387387387,HyPhysML,314
single_column,Aging,15,3,0.9882114007531758,2.4280660236199165,-0.0005908191463268597,0.0,HyPhysML,314
raw_propagated,Aging,15,4,0.9852852406852203,2.712726258110899,-0.003516979214282401,13.438438438438439,HyPhysML,314
single_column,Aging,15,4,0.9880871068820387,2.440832697161899,-0.0007151130174639642,0.0,HyPhysML,314
raw_propagated,Aging,20,0,0.9835116344710928,2.8715619705436066,-0.0052905854284098774,12.312312312312311,HyPhysML,314
single_column,Aging,20,0,0.9878674601178613,2.463231635309488,-0.00093475978164137,0.0,HyPhysML,314
raw_propagated,Aging,20,1,0.9833850971149091,2.8825595853328654,-0.005417122784593609,12.387387387387387,HyPhysML,314
single_column,Aging,20,1,0.987883880276815,2.4615642041795898,-0.000918339622687725,0.0,HyPhysML,314
raw_propagated,Aging,20,2,0.9837862745137277,2.847546322109188,-0.005015945385774989,11.336336336336336,HyPhysML,314
single_column,Aging,20,2,0.9879242948571113,2.457455372963122,-0.0008779250423913698,0.0,HyPhysML,314
raw_propagated,Aging,20,3,0.9837237832334462,2.8530285810608946,-0.005078436666056452,13.138138138138139,HyPhysML,314
single_column,Aging,20,3,0.9876076301875062,2.489468138643993,-0.0011945897119964854,0.0,HyPhysML,314
raw_propagated,Aging,20,4,0.9841380810849677,2.8164837671168614,-0.004664138814534979,12.537537537537538,HyPhysML,314
single_column,Aging,20,4,0.9879347777932527,2.456388481186057,-0.0008674421062500048,0.0,HyPhysML,314
raw_propagated,SDD,5,0,0.9773728182514346,3.363911971202902,-0.009494385173232978,0.0,HyPhysML-MC,314
single_column,SDD,5,0,0.9773728182514346,3.363911971202902,-0.009494385173232978,0.0,HyPhysML-MC,314
raw_propagated,SDD,5,1,0.9776846175725482,3.3406544595856533,-0.009182585852119396,0.0,HyPhysML-MC,314
single_column,SDD,5,1,0.9776846175725482,3.3406544595856533,-0.009182585852119396,0.0,HyPhysML-MC,314
raw_propagated,SDD,5,2,0.9775281922995795,3.352342590504164,-0.00933901112508806,0.0,HyPhysML-MC,314
single_column,SDD,5,2,0.9775281922995795,3.352342590504164,-0.00933901112508806,0.0,HyPhysML-MC,314
raw_propagated,SDD,5,3,0.9778097352453945,3.3312761207698527,-0.00905746817927311,0.0,HyPhysML-MC,314
single_column,SDD,5,3,0.9778097352453945,3.3312761207698527,-0.00905746817927311,0.0,HyPhysML-MC,314
raw_propagated,SDD,5,4,0.9784002296892407,3.2866537713148825,-0.00846697373542693,0.0,HyPhysML-MC,314
single_column,SDD,5,4,0.9784002296892407,3.2866537713148825,-0.00846697373542693,0.0,HyPhysML-MC,314
raw_propagated,SDD,10,0,0.9778319588322085,3.329607563630117,-0.00903524459245908,0.0,HyPhysML-MC,314
single_column,SDD,10,0,0.9778319588322085,3.329607563630117,-0.00903524459245908,0.0,HyPhysML-MC,314
raw_propagated,SDD,10,1,0.9782794615190304,3.2958290978335887,-0.008587741905637158,0.0,HyPhysML-MC,314
single_column,SDD,10,1,0.9782794615190304,3.2958290978335887,-0.008587741905637158,0.0,HyPhysML-MC,314
raw_propagated,SDD,10,2,0.9777654164206452,3.334601105876067,-0.009101787004022421,0.0,HyPhysML-MC,314
single_column,SDD,10,2,0.9777654164206452,3.334601105876067,-0.009101787004022421,0.0,HyPhysML-MC,314
raw_propagated,SDD,10,3,0.9767982035245271,3.4063572696759046,-0.01006899990014054,0.0,HyPhysML-MC,314
single_column,SDD,10,3,0.9767982035245271,3.4063572696759046,-0.01006899990014054,0.0,HyPhysML-MC,314
raw_propagated,SDD,10,4,0.9780656547403225,3.3120106711939665,-0.008801548684345128,0.0,HyPhysML-MC,314
single_column,SDD,10,4,0.9780656547403225,3.3120106711939665,-0.008801548684345128,0.0,HyPhysML-MC,314
raw_propagated,SDD,15,0,0.977482443996983,3.355753219717847,-0.009384759427684575,0.0,HyPhysML-MC,314
single_column,SDD,15,0,0.977482443996983,3.355753219717847,-0.009384759427684575,0.0,HyPhysML-MC,314
raw_propagated,SDD,15,1,0.9769739145108006,3.393434306855065,-0.009893288913866982,0.0,HyPhysML-MC,314
single_column,SDD,15,1,0.9769739145108006,3.393434306855065,-0.009893288913866982,0.0,HyPhysML-MC,314
raw_propagated,SDD,15,2,0.9771370990946168,3.3813883868677537,-0.009730104330050837,0.0,HyPhysML-MC,314
single_column,SDD,15,2,0.9771370990946168,3.3813883868677537,-0.009730104330050837,0.0,HyPhysML-MC,314
raw_propagated,SDD,15,3,0.9765710048709512,3.422994653655934,-0.01029619855371644,0.0,HyPhysML-MC,314
single_column,SDD,15,3,0.9765710048709512,3.422994653655934,-0.01029619855371644,0.0,HyPhysML-MC,314
raw_propagated,SDD,15,4,0.9778007301934719,3.331951986334647,-0.009066473231195693,0.0,HyPhysML-MC,314
single_column,SDD,15,4,0.9778007301934719,3.331951986334647,-0.009066473231195693,0.0,HyPhysML-MC,314
raw_propagated,SDD,20,0,0.974751950417886,3.553393527773507,-0.012115253006781623,0.0,HyPhysML-MC,314
single_column,SDD,20,0,0.974751950417886,3.553393527773507,-0.012115253006781623,0.0,HyPhysML-MC,314
raw_propagated,SDD,20,1,0.9746154981088452,3.562982692274414,-0.012251705315822425,0.0,HyPhysML-MC,314
single_column,SDD,20,1,0.9746154981088452,3.562982692274414,-0.012251705315822425,0.0,HyPhysML-MC,314
raw_propagated,SDD,20,2,0.9741959240905822,3.5923078323060875,-0.012671279334085406,0.0,HyPhysML-MC,314
single_column,SDD,20,2,0.9741959240905822,3.5923078323060875,-0.012671279334085406,0.0,HyPhysML-MC,314
raw_propagated,SDD,20,3,0.9731740649325858,3.6627461817754994,-0.013693138492081758,0.0,HyPhysML-MC,314
single_column,SDD,20,3,0.9731740649325858,3.6627461817754994,-0.013693138492081758,0.0,HyPhysML-MC,314
raw_propagated,SDD,20,4,0.9738973574967591,3.613030497719258,-0.012969845927908508,0.07507507507507508,HyPhysML-MC,314
single_column,SDD,20,4,0.9738973574967591,3.613030497719258,-0.012969845927908508,0.0,HyPhysML-MC,314
raw_propagated,RH,5,0,0.9760302407391176,3.46227233764126,-0.010836962685550011,0.0,HyPhysML-MC,314
single_column,RH,5,0,0.9760302407391176,3.46227233764126,-0.010836962685550011,0.0,HyPhysML-MC,314
raw_propagated,RH,5,1,0.9779755868683797,3.3188036742950313,-0.008891616556287896,0.0,HyPhysML-MC,314
single_column,RH,5,1,0.9779755868683797,3.3188036742950313,-0.008891616556287896,0.0,HyPhysML-MC,314
raw_propagated,RH,5,2,0.977632494682312,3.3445536310989543,-0.009234708742355657,0.0,HyPhysML-MC,314
single_column,RH,5,2,0.977632494682312,3.3445536310989543,-0.009234708742355657,0.0,HyPhysML-MC,314
raw_propagated,RH,5,3,0.9787967286331163,3.256348109731081,-0.008070474791551319,0.0,HyPhysML-MC,314
single_column,RH,5,3,0.9787967286331163,3.256348109731081,-0.008070474791551319,0.0,HyPhysML-MC,314
raw_propagated,RH,5,4,0.9776742558670796,3.341429952912842,-0.009192947557588038,0.0,HyPhysML-MC,314
single_column,RH,5,4,0.9776742558670796,3.341429952912842,-0.009192947557588038,0.0,HyPhysML-MC,314
raw_propagated,RH,10,0,0.9768996417922778,3.398902815044002,-0.009967561632389765,0.0,HyPhysML-MC,314
single_column,RH,10,0,0.9768996417922778,3.398902815044002,-0.009967561632389765,0.0,HyPhysML-MC,314
raw_propagated,RH,10,1,0.9769170740470102,3.3976201136796322,-0.00995012937765738,0.0,HyPhysML-MC,314
single_column,RH,10,1,0.9769170740470102,3.3976201136796322,-0.00995012937765738,0.0,HyPhysML-MC,314
raw_propagated,RH,10,2,0.977150794702556,3.380375455323674,-0.009716408722111658,0.0,HyPhysML-MC,314
single_column,RH,10,2,0.977150794702556,3.380375455323674,-0.009716408722111658,0.0,HyPhysML-MC,314
raw_propagated,RH,10,3,0.9768116559344527,3.405369622911759,-0.010055547490214867,0.0,HyPhysML-MC,314
single_column,RH,10,3,0.9768116559344527,3.405369622911759,-0.010055547490214867,0.0,HyPhysML-MC,314
raw_propagated,RH,10,4,0.9767688958389663,3.408507985495851,-0.010098307585701294,0.0,HyPhysML-MC,314
single_column,RH,10,4,0.9767688958389663,3.408507985495851,-0.010098307585701294,0.0,HyPhysML-MC,314
raw_propagated,RH,15,0,0.9742376362987532,3.5894031807917806,-0.012629567125914454,0.0,HyPhysML-MC,314
single_column,RH,15,0,0.9742376362987532,3.5894031807917806,-0.012629567125914454,0.0,HyPhysML-MC,314
raw_propagated,RH,15,1,0.9734699559124538,3.6424900627426853,-0.013397247512213828,0.0,HyPhysML-MC,314
single_column,RH,15,1,0.9734699559124538,3.6424900627426853,-0.013397247512213828,0.0,HyPhysML-MC,314
raw_propagated,RH,15,2,0.975172937130419,3.523644303144977,-0.011694266294248634,0.0,HyPhysML-MC,314
single_column,RH,15,2,0.975172937130419,3.523644303144977,-0.011694266294248634,0.0,HyPhysML-MC,314
raw_propagated,RH,15,3,0.9750736978729936,3.5306796722030125,-0.011793505551674022,0.0,HyPhysML-MC,314
single_column,RH,15,3,0.9750736978729936,3.5306796722030125,-0.011793505551674022,0.0,HyPhysML-MC,314
raw_propagated,RH,15,4,0.971857096576575,3.7515767866682728,-0.015010106848092564,0.0,HyPhysML-MC,314
single_column,RH,15,4,0.971857096576575,3.7515767866682728,-0.015010106848092564,0.0,HyPhysML-MC,314
raw_propagated,RH,20,0,0.9704386639293918,3.844956397328339,-0.016428539495275785,0.0,HyPhysML-MC,314
single_column,RH,20,0,0.9704386639293918,3.844956397328339,-0.016428539495275785,0.0,HyPhysML-MC,314
raw_propagated,RH,20,1,0.9691092811584057,3.9304601471025613,-0.01775792226626194,0.0,HyPhysML-MC,314
single_column,RH,20,1,0.9691092811584057,3.9304601471025613,-0.01775792226626194,0.0,HyPhysML-MC,314
raw_propagated,RH,20,2,0.9690740109750392,3.9327033532732045,-0.017793192449628403,0.0,HyPhysML-MC,314
single_column,RH,20,2,0.9690740109750392,3.9327033532732045,-0.017793192449628403,0.0,HyPhysML-MC,314
raw_propagated,RH,20,3,0.9700691540829298,3.8689123007199524,-0.016798049341737786,0.0,HyPhysML-MC,314
single_column,RH,20,3,0.9700691540829298,3.8689123007199524,-0.016798049341737786,0.0,HyPhysML-MC,314
raw_propagated,RH,20,4,0.968196693123339,3.9880953182223493,-0.018670510301328602,0.0,HyPhysML-MC,314
single_column,RH,20,4,0.968196693123339,3.9880953182223493,-0.018670510301328602,0.0,HyPhysML-MC,314
raw_propagated,Aging,5,0,0.9825904181409137,2.9506898311157297,-0.004276785283753859,12.837837837837837,HyPhysML-MC,314
single_column,Aging,5,0,0.9825904181409137,2.9506898311157297,-0.004276785283753859,0.0,HyPhysML-MC,314
raw_propagated,Aging,5,1,0.9827128761744283,2.940294023637285,-0.0041543272502393425,12.387387387387387,HyPhysML-MC,314
single_column,Aging,5,1,0.9827128761744283,2.940294023637285,-0.0041543272502393425,0.0,HyPhysML-MC,314
raw_propagated,Aging,5,2,0.9826386185712909,2.946602337841425,-0.004228584853376738,12.537537537537538,HyPhysML-MC,314
single_column,Aging,5,2,0.9826386185712909,2.946602337841425,-0.004228584853376738,0.0,HyPhysML-MC,314
raw_propagated,Aging,5,3,0.9823450000956805,2.971414576912443,-0.004522203328987118,13.063063063063062,HyPhysML-MC,314
single_column,Aging,5,3,0.9823450000956805,2.971414576912443,-0.004522203328987118,0.0,HyPhysML-MC,314
raw_propagated,Aging,5,4,0.9823490005003386,2.971077914941062,-0.004518202924329029,12.387387387387387,HyPhysML-MC,314
single_column,Aging,5,4,0.9823490005003386,2.971077914941062,-0.004518202924329029,0.0,HyPhysML-MC,314
raw_propagated,Aging,10,0,0.9825343191796115,2.9554400170450537,-0.004332884245056068,12.087087087087086,HyPhysML-MC,314
single_column,Aging,10,0,0.9825343191796115,2.9554400170450537,-0.004332884245056068,0.0,HyPhysML-MC,314
raw_propagated,Aging,10,1,0.9819749271117557,3.0023955281553416,-0.004892276312911892,13.813813813813812,HyPhysML-MC,314
single_column,Aging,10,1,0.9819749271117557,3.0023955281553416,-0.004892276312911892,0.0,HyPhysML-MC,314
raw_propagated,Aging,10,2,0.9822676414818159,2.977917359861048,-0.004599561942851715,12.612612612612612,HyPhysML-MC,314
single_column,Aging,10,2,0.9822676414818159,2.977917359861048,-0.004599561942851715,0.0,HyPhysML-MC,314
raw_propagated,Aging,10,3,0.982090515352661,2.9927534098195654,-0.004776688072006596,12.837837837837837,HyPhysML-MC,314
single_column,Aging,10,3,0.982090515352661,2.9927534098195654,-0.004776688072006596,0.0,HyPhysML-MC,314
raw_propagated,Aging,10,4,0.9823955630820201,2.967156538899927,-0.004471640342647465,13.813813813813812,HyPhysML-MC,314
single_column,Aging,10,4,0.9823955630820201,2.967156538899927,-0.004471640342647465,0.0,HyPhysML-MC,314
raw_propagated,Aging,15,0,0.9817842784076098,3.018231725206076,-0.00508292501705776,12.162162162162163,HyPhysML-MC,314
single_column,Aging,15,0,0.9817842784076098,3.018231725206076,-0.00508292501705776,0.0,HyPhysML-MC,314
raw_propagated,Aging,15,1,0.9824594396369176,2.9617685796897746,-0.004407763787749985,13.213213213213212,HyPhysML-MC,314
single_column,Aging,15,1,0.9824594396369176,2.9617685796897746,-0.004407763787749985,0.0,HyPhysML-MC,314
raw_propagated,Aging,15,2,0.9824612367500916,2.961616852220356,-0.004405966674576045,13.88888888888889,HyPhysML-MC,314
single_column,Aging,15,2,0.9824612367500916,2.961616852220356,-0.004405966674576045,0.0,HyPhysML-MC,314
raw_propagated,Aging,15,3,0.982407122698251,2.9661822156832125,-0.004460080726416571,12.387387387387387,HyPhysML-MC,314
single_column,Aging,15,3,0.982407122698251,2.9661822156832125,-0.004460080726416571,0.0,HyPhysML-MC,314
raw_propagated,Aging,15,4,0.981637515847079,3.030366154260832,-0.005229687577588571,13.438438438438439,HyPhysML-MC,314
single_column,Aging,15,4,0.981637515847079,3.030366154260832,-0.005229687577588571,0.0,HyPhysML-MC,314
raw_propagated,Aging,20,0,0.9809442411380946,3.087041827969103,-0.005922962286572964,12.312312312312311,HyPhysML-MC,314
single_column,Aging,20,0,0.9809442411380946,3.087041827969103,-0.005922962286572964,0.0,HyPhysML-MC,314
raw_propagated,Aging,20,1,0.9808466697430793,3.0949350427050852,-0.00602053368158828,12.387387387387387,HyPhysML-MC,314
single_column,Aging,20,1,0.9808466697430793,3.0949350427050852,-0.00602053368158828,0.0,HyPhysML-MC,314
raw_propagated,Aging,20,2,0.9808938742202473,3.091118867804071,-0.005973329204420286,11.336336336336336,HyPhysML-MC,314
single_column,Aging,20,2,0.9808938742202473,3.091118867804071,-0.005973329204420286,0.0,HyPhysML-MC,314
raw_propagated,Aging,20,3,0.9803666168053644,3.1334802467616933,-0.006500586619303195,13.138138138138139,HyPhysML-MC,314
single_column,Aging,20,3,0.9803666168053644,3.1334802467616933,-0.006500586619303195,0.0,HyPhysML-MC,314
raw_propagated,Aging,20,4,0.9810329200244258,3.079850441174473,-0.005834283400241835,12.537537537537538,HyPhysML-MC,314
single_column,Aging,20,4,0.9810329200244258,3.079850441174473,-0.005834283400241835,0.0,HyPhysML-MC,314
